id,source,title,url,deadline,description,scraped_at,fit,score,fit_reason,fit_match,call_summary,call_deadline
3710fb4f0067,EIT Digital (28DIGITAL),Innovation Study Tours,https://28digital.eu/our-messages/calls-tenders/innovation-study-tours/,,,2026-05-28T16:22:12.115520+00:00,NO,2,"This call requires universities, training providers, or innovation hubs to design and deliver short-term international study tour programmes, which is outside DevelopMinded's core service offering of technology commercialisation, investment readiness, and strategic support for deep tech ventures.",none,"EIT Digital (28DIGITAL) is launching a Call for Proposals for Innovation Study Tours — intensive 5–10 day international learning experiences focused on innovation ecosystems and deep-tech entrepreneurship, targeting students, professionals, and young entrepreneurs. Contractors must design and implement these programmes either as 'Global Exposure' (Europeans exploring ecosystems outside Europe) or 'European Immersion' (international participants engaging with European ecosystems), for a minimum of 15 participants, to take place in January–February 2027.",31 July 2026
05adc5e11e1c,EIT Digital (28DIGITAL),External Experts for 28DIGITAL,https://28digital.eu/our-messages/calls-tenders/external-experts-for-28digital/,,,2026-05-28T16:22:12.115701+00:00,MAYBE,5,"DevelopMinded's expertise in evaluating investor readiness, innovation programmes, and startup competitions aligns with the external expert/evaluator role, though this is a voluntary or minimally compensated expert registration rather than a formal procurement contract.","Evaluation and assessment of investor readiness, innovation programmes, and startup competitions","EIT Digital's 28DIGITAL initiative is seeking independent external experts to assess innovation and education project proposals across digital tech focus areas, as well as independent observers to ensure evaluation panel compliance. Contractors/experts must evaluate project proposals, provide assessments, and/or observe evaluation processes for impartiality and transparency.",
0e1cd33b04ad,EIT Health,Call for Tenders,https://eithealth.eu/call-for-tenders/,,,2026-05-28T16:22:12.327844+00:00,NO,1,"This is a generic procurement landing page with no specific tender details, scope, or requirements that can be evaluated for fit.",none,"This page is a general call-for-tenders portal page from EIT Health directing visitors to external procurement platforms (DTVP and TED) where actual tenders are listed. There is no specific tender scope, deliverables, or requirements described on this page.",
d8fb01ef48f9,EIT Health,Active EIT Health Tenders on dtvp.de (external portal),https://www.dtvp.de/en,,EIT Health publishes its active tenders on the dtvp.de procurement platform. Search for 'EIT Health' on that site to find all current open opportunities.,2026-05-28T16:22:12.328199+00:00,NO,1,"This page contains no actual tender information — it is merely a marketing/landing page for the DTVP German e-procurement portal with no specific EIT Health tender details, scope, or deliverables visible.",none,"This is not a specific tender but rather a generic page for the DTVP (Deutsches Vergabeportal) procurement platform, which hosts EIT Health tenders among many others. No concrete tender scope, deliverables, or requirements are described on this page.",
e93851b38694,EIT Climate-KIC,NZC CESF Procurement RFP - Bergamo,https://www.climate-kic.org/wp-content/uploads/2026/04/NZC-CESF-Procurement-RFP-SGA-MCCC-021-Bergamo_UPDATE_QA_FINAL-27_04.pdf,,"Climate KIC is looking for expert services for the Design and Enablement of a Youth and Children CCC Outreach and
Engagement Framework for the City of Bergamo. *The proposal submission deadline has be",2026-05-28T16:22:12.636124+00:00,NO,1,"This tender is about designing a youth and children community engagement framework for climate action in the City of Bergamo, which has no relevance to DevelopMinded's core services in technology commercialisation, investment readiness, or deep tech startup support.",none,This call is part of the NetZeroCities programme and seeks expert services to design and implement a Youth and Children Climate City Contract outreach and engagement framework for Bergamo. The contractor must concretely deliver community engagement strategies and outreach activities targeting youth and children in the context of urban net-zero transition.,15 May 2026
b63c3814b969,EIT Climate-KIC,NZC CESF Procurement RFP - Glasgow,https://www.climate-kic.org/wp-content/uploads/2026/05/NZC-CESF-RFP-Procurement_SGA-MCCC-024-Glasgow-07.05.pdf,,"As part of NetZeroCities, Climate KIC is looking for external expert support to develop the prototypical concept design and implementation guidelines for Glasgow’s Community Renewable Energy Framework",2026-05-28T16:22:12.636303+00:00,NO,2,"This tender requires specialist expertise in community renewable energy framework design and implementation guidelines for a specific Glasgow urban energy initiative, which is outside DevelopMinded's core competencies in technology commercialisation, investment readiness, and deep tech go-to-market strategy.",none,This is a NetZeroCities/Climate-KIC procurement for external expert support to develop a prototypical concept design and implementation guidelines for Glasgow's Community Renewable Energy Framework (CREF). The contractor must deliver concrete design outputs and operational guidelines for a community-level renewable energy programme in Glasgow.,22 May 2026
b6c80f85d775,EIT Climate-KIC,NZC CESF Procurement RFP - Greece,https://www.climate-kic.org/wp-content/uploads/2026/05/RFP_2026_SGA2_Task-1.6-Greece-RFP2_MAY26_QAs_FINAL.pdf,,"As part of NetZeroCities, Climate KIC is looking for an expert support to organise national events on climate neutrality in Greece.",2026-05-28T16:22:12.636467+00:00,NO,1,"This tender requires expert support to organise national climate neutrality events in Greece for cities, which is entirely unrelated to DevelopMinded's core services in technology commercialisation, investment readiness, or deep tech venture support.",none,"This RFP, issued under the NetZeroCities (NZC) programme by EIT Climate-KIC, seeks expert support to organise national events on climate neutrality targeted at cities in Greece. The contractor must deliver event organisation and facilitation services supporting Greek cities in their climate neutrality journeys as part of the NZC pilot cities programme.",18 May 2026
354da8fe4f8e,EIT Climate-KIC,On-Demand Advisory Services Supporting Urban Climate and Energy Transition,https://www.climate-kic.org/wp-content/uploads/2026/04/Climate-KIC_RFP_Framework_Advisory_Services_Energy_Transition_2026_UPDATE-April24.pdf,,"Climate KIC seeks to procure on-demand advisory, analytical, and capacity-building services to support energy systems transitions, climate strategies, and climate finance, primarily in the context of",2026-05-28T16:22:12.636638+00:00,MAYBE,4,"The tender focuses on urban climate and energy transition advisory services for the NetZeroCities/Cities Mission programme, which partially overlaps with DevelopMinded's market intelligence and regulatory/strategy capabilities, but is primarily oriented toward climate policy, energy systems, and city-level decarbonisation rather than deep tech commercialisation or startup support.","Go-to-market strategy and market intelligence (market sizing, segmentation, competitive analysis)","EIT Climate-KIC is procuring a framework agreement for on-demand advisory, analytical, and capacity-building services to support urban energy transitions, climate strategies, and climate finance under the Cities Mission and NetZeroCities programme. The contractor must deliver remote (and some on-site) advisory services across European cities and partner organisations over 24–36 months.",05 May 2026 (23:59 CET)
396a416cc627,EIT Climate-KIC,NZC CESF Procurement RFP - Sønderborg,https://www.climate-kic.org/wp-content/uploads/2026/04/NZC-CESF-RFP-Procurement_SGA-MCCC-023-Sonderborg_UPDATE_QAS_FINAL-28.04.pdf,,Climate KIC is looking for an external expert support for the NetZeroCities CESF programme to assess industrial waste heat recovery and decarbonisation opportunities in Sønderborg.,2026-05-28T16:22:12.636804+00:00,NO,2,"This tender requires deep technical expertise in industrial waste heat recovery and decarbonisation engineering for a Danish city, which is outside DevelopMinded's core competencies in technology commercialisation and startup support.",none,"This is a NetZeroCities CESF procurement seeking external expert support to assess industrial waste heat recovery and decarbonisation opportunities in Sønderborg, Denmark. The contractor must deliver a technical assessment of industrial waste heat potential and decarbonisation pathways for the city as part of the Climate City Contract framework.",15/22 May 2026
90aa7f78a4e2,EIT Climate-KIC,NZC CESF Procurement RFP - Valencia,https://www.climate-kic.org/wp-content/uploads/2026/04/RFP_SGA-MCC-013-Valencia-Schools_April26_QAs.pdf,,"Climate KIC invites quotations for the engagement of an experienced consultancy company to conduct a pre-feasibility study for three schools in Valencia, as part of the City Expert Support Facility un",2026-05-28T16:22:12.636967+00:00,NO,2,"This tender requires an experienced consultancy to conduct a pre-feasibility study for school decarbonisation in Valencia under a climate cities programme, which is focused on built environment/energy infrastructure assessment rather than technology commercialisation, deep tech support, or EU innovation grant services.",none,"This RFP, issued by EIT Climate-KIC under the NetZeroCities City Expert Support Facility, seeks a consultancy to conduct a pre-feasibility study for three schools in Valencia as part of a net-zero cities initiative. The contractor must deliver technical and feasibility analysis across inception and assessment phases, covering energy efficiency, decarbonisation pathways, and infrastructure recommendations for the selected schools.",08 May 2026
cf372249f784,EIT Climate-KIC,NZC CESF Procurement RFP - Czechia,https://www.climate-kic.org/wp-content/uploads/2026/02/V.2-RFP_2026_SGA2_Task-1.6-Czechia_.pdf,,"Climate KIC is looking for an expert support to facilitate the Community of Practice of
cities in the Czech Republic. *Please note that the deadline for submitting bids has changed and a list of quest",2026-05-28T16:22:12.637147+00:00,NO,2,"This tender seeks expert facilitation of a Community of Practice for cities in the Czech Republic under the NetZeroCities programme, which is focused on municipal climate action and urban net-zero transitions — not technology commercialisation, deep tech support, or startup/grantee advisory services.",none,"This RFP is issued by EIT Climate-KIC under the NetZeroCities programme, seeking expert support to facilitate a Community of Practice (CoP) among cities in the Czech Republic working towards net-zero commitments. The contractor must deliver facilitation, coordination, and knowledge-sharing services to municipal stakeholders engaged in climate city contracting and pilot city programmes.",23 February 2026
6c74076310f1,EIT Climate-KIC,Expert in inclusive climate innovation (long-term),https://www.climate-kic.org/download/73831/?tmstv=1768388726,,"Climate KIC is requesting an expert in inclusive climate entrepreneurship to support DEI (Diversity, Equity & Inclusion) capacity building with climate ventures, Entrepreneurship Support Organisations",2026-05-28T16:22:12.637324+00:00,MAYBE,4,"DevelopMinded supports climate tech ventures with commercialisation and go-to-market strategy, but this tender specifically requires DEI/inclusion expertise and capacity building with ESOs and investors, which is outside DevelopMinded's core competency.",Partnership strategy and stakeholder outreach,"This EIT Climate-KIC RFP seeks expert(s) in inclusive climate entrepreneurship to build DEI capacity across climate ventures, Entrepreneurship Support Organisations, and climate investors. The contractor must deliver DEI capacity-building support, content and toolkit development, and workshop delivery under a 3-year framework agreement worth up to €200,000.",23:59 CET on 18.01.2026
c850370ba659,EIT Climate-KIC,NZC CESF Procurement RFP - Liepaja,https://www.climate-kic.org/wp-content/uploads/2025/11/SGA-MCCC-019-Liepaja-RfP_Final.pdf,,"The NetZeroCities team within Climate KIC is looking for an expert to run a pre-feasibility study for the energy community project of the City of Liepaja. 
*Please note that a list of questions and an",2026-05-28T16:22:12.637501+00:00,NO,2,"This tender requires a technical pre-feasibility study for an energy community project in Liepaja, which is a domain-specific urban energy infrastructure consultancy task outside DevelopMinded's core competencies in technology commercialisation and deep tech venture support.",none,"This RFP from NetZeroCities/Climate-KIC seeks an expert to conduct a pre-feasibility study for an energy community project in the City of Liepaja, as part of the EU Mission on Climate-Neutral and Smart Cities. The contractor must deliver a technical and economic pre-feasibility assessment covering energy community design, stakeholder mapping, and viability analysis for the city's proposed energy community initiative.",13 January 2026
0a3f3340b7fd,EIT Climate-KIC,Advisory services for climate impact assessment,https://www.climate-kic.org/wp-content/uploads/2026/01/SGA-MCCC-019-Liepaja-RfP_FINAL_update-22.12.pdf,,Climate KIC is requesting quotation for a climate advisor that will work on mentoring and validating the climate impact self- assessment of startups with a focus on mitigation potential following a st,2026-05-28T16:22:12.637676+00:00,NO,2,"This tender requires a climate advisor to mentor and validate climate impact self-assessments for startups in a city/urban decarbonisation context, which is outside DevelopMinded's core competencies in technology commercialisation, investment readiness, and deep tech go-to-market strategy.",none,"This is an EIT Climate-KIC procurement under the NetZeroCities programme, seeking a climate advisor to support cities (specifically Liepaja) with mentoring startups on climate impact self-assessment and mitigation potential measurement. The contractor must provide expert advisory services validating climate impact assessments of startups within a structured city-focused decarbonisation framework.",13 January 2026
5d250f0ed88d,EIT Climate-KIC,NZC CESF Procurement RFP - City Finance Specialist,https://www.climate-kic.org/wp-content/uploads/2025/12/NZC-CESF-Procurement-for-CFSS_DEC.-25_FINALQAs-10.12.pdf,,"Climate KIC is looking for a finance expert to support cities in the NetZeroCities programme, through the NZC City Expert Support Facility. *Please note that the deadline for submitting bids has chang",2026-05-28T16:22:12.637864+00:00,NO,2,"This tender seeks a city finance specialist to support municipal net-zero transitions within the NetZeroCities programme, which is outside DevelopMinded's focus on deep tech commercialisation and startup/spinout support.",none,"This RFP from Climate-KIC is seeking a City Finance Specialist to support cities participating in the NetZeroCities programme through the City Expert Support Facility (CESF). The contractor must provide financial expertise to help cities develop and implement climate city contracts and pilot city programmes, focusing on municipal-level finance rather than startup or venture support.",End of January 2026
7835f954210c,EIT Climate-KIC,City Expert Support Facility (CESF) for NetZeroCities programme,https://www.climate-kic.org/wp-content/uploads/2025/09/CESF-Procurement-SGA2-1.6_IRELAND_.pdf,,"Climate KIC is seeking expert support to the Community of Practice of 
cities in Ireland.",2026-05-28T16:22:12.638013+00:00,NO,2,"This tender seeks expert support for a community of practice among Irish cities on climate/net-zero urban transitions, which is city-level policy and climate advisory work rather than technology commercialisation, deep tech support, or research exploitation services that DevelopMinded provides.",none,"The NetZeroCities City Expert Support Facility (CESF) is a Climate-KIC procurement to provide expert support to a community of practice among Irish cities participating in the NetZeroCities programme, focused on helping cities achieve net-zero goals. The contractor must deliver city-facing advisory and capacity-building support within the national (Irish) platform context under the NZC Specific Grant Agreement No.2.","28 October 2025, 23:59 CEST"
91700f8411e9,EIT Climate-KIC,RFP - Research and Analysis of Demand Side and Engagement for Climate Entrepreneurship Support,https://www.climate-kic.org/wp-content/uploads/2025/09/RFP-ESO-Circle-Demand-Analysis.pdf,,"Climate KIC is looking for expert services to conduct a comprehensive research and analysis of at least 30 Entrepreneurial Support Organizations (ESOs) previously supported by ESV Cluster, generating",2026-05-28T16:22:12.638176+00:00,MAYBE,5,"The tender requires research and analysis of entrepreneurial support organizations for climate innovation, which partially aligns with DevelopMinded's market intelligence and evaluation capabilities, but is focused on ESO ecosystem mapping rather than direct commercialisation or deep tech venture support.","Evaluation and assessment of investor readiness, innovation programmes, and startup competitions","EIT Climate-KIC seeks expert services to conduct comprehensive research and analysis of at least 30 Entrepreneurial Support Organizations (ESOs) previously supported by its ESV Cluster, generating insights on their future needs, perceptions, success metrics, and collaboration opportunities. The contractor must deliver remote research and analysis outputs to the Climate-KIC team between October and December 2025.",6 October 2025
4c8183554bde,EIT Climate-KIC,RFP - Market & Supply-Side Analysis for Climate Entrepreneurship Support,https://www.climate-kic.org/wp-content/uploads/2025/09/RFP-ESO-Circle-Supply-Analysis.pdf,,"Climate KIC is looking for expert services to conduct a
comprehensive market and supply-side analysis to map
competitors, identify trends, and generate actionable
recommendations that will strengthen",2026-05-28T16:22:12.638347+00:00,YES,8,"This tender directly requires market sizing, competitor mapping, trend analysis, and strategic recommendations for climate entrepreneurship support — core market intelligence services that DevelopMinded provides, and the cleantech/climate innovation sector aligns with DevelopMinded's ideal client profile.","Go-to-market strategy and market intelligence (market sizing, segmentation, competitive analysis)","EIT Climate-KIC is seeking expert services to conduct a comprehensive market and supply-side analysis of the entrepreneurship support landscape, mapping competitors and identifying trends to strengthen its ESV Cluster's positioning and value proposition for Entrepreneurial Support Organisations (ESOs) globally. The contractor must deliver actionable insights and recommendations to improve Climate-KIC's support strategies, working remotely with the Climate-KIC team between October and December 2025.",6 October 2025
26b1d7723b35,EIT Climate-KIC,NZC CESF Procurement RFP - City Finance Specialised Services,https://www.climate-kic.org/wp-content/uploads/2025/07/3.1-NZC-CESF-Procurement-for-CFSS-Rev03-1.pdf,,,2026-05-28T16:22:12.638550+00:00,NO,2,"This tender is about specialised city finance services for net-zero urban transitions under the NetZeroCities programme, which requires municipal finance and urban climate expertise rather than DevelopMinded's deep tech commercialisation and startup support services.",none,"This RFP from Climate-KIC under the NetZeroCities programme seeks expert support for cities working on Climate City Contracts and net-zero transitions, likely involving city-level financial structuring and climate finance advisory. The contractor must deliver specialised city finance services to help pilot cities access and deploy funding for decarbonisation initiatives.",30 July 2025
1681df560d75,EIT Climate-KIC,RFQ - Learning Methodology,https://www.climate-kic.org/wp-content/uploads/2025/07/RFQ_Learning_Coach.pdf,,"Methodology development and facilitation of peer-to-peer learning
sessions for Entrepreneurship Support Organisations.",2026-05-28T16:22:12.638698+00:00,MAYBE,4,"DevelopMinded supports entrepreneurship support organisations and innovation programmes, but this tender primarily requires learning methodology design and peer-to-peer facilitation expertise, which is peripheral to DevelopMinded's core commercialisation and investment readiness services.","Evaluation and assessment of investor readiness, innovation programmes, and startup competitions",EIT Climate-KIC seeks an expert to design a general peer-to-peer learning methodology and facilitate four learning sessions for a cohort of 13 Entrepreneurship Support Organisations (ESOs) across 13 European and associated countries. The contractor must concretely deliver a learning methodology framework and facilitate the four remote peer-to-peer learning sessions between July and November 2025.,9 July 2025
fe6b9a0b6284,EIT Urban Mobility,Selection Of External Procurement Experts 26 28,https://www.eiturbanmobility.eu/request-for-proposal/selection-of-external-procurement-experts-26-28/,7 June 2026,,2026-05-28T16:22:20.111454+00:00,NO,1,"This tender seeks procurement experts for EIT Urban Mobility's internal procurement processes, which is unrelated to DevelopMinded's technology commercialisation and deep tech support services.",none,"EIT Urban Mobility is seeking an external provider with expertise in procurement-related tasks to support its internal operations over 2026-2028. The contractor must deliver procurement expertise services, likely including advice on tender procedures, contract management, and compliance with EU procurement rules.",7 June 2026
6cfbe93d72b4,EIT Urban Mobility,Expert Evaluators And Rapporteurs Aug26,https://www.eiturbanmobility.eu/request-for-proposal/expert-evaluators-and-rapporteurs-aug26/,31 August 2026,,2026-05-28T16:22:20.726945+00:00,MAYBE,5,"DevelopMinded's expertise in evaluating innovation programmes, startup competitions, and investor readiness aligns with the expert evaluator/rapporteur role for EIT Urban Mobility's calls covering Innovation, Impact Ventures/Investments, and Academy portfolios, though the urban mobility sector focus and individual expert pool format are not a core business match.","Evaluation and assessment of investor readiness, innovation programmes, and startup competitions","EIT Urban Mobility is building a pool of external expert evaluators and rapporteurs to support the assessment and selection of proposals across its business areas including Academy, Innovation, Impact Ventures/Investments, Social Innovation, and lump-sum budget assessment. Selected experts must independently evaluate submitted proposals and/or act as rapporteurs during the evaluation process for EIT UM-funded calls.",31 August 2026
7e931da7edf8,EIT RawMaterials,Request for Proposal:  Organisation of the “Startup Builder” Phase II of the EIT Jumpstarter…,https://www.eitrawmaterials.eu/articles/request-proposal-organisation-startup-builder-phase-ii-eit-jumpstarter-programme-2026-2027,"June 7th, 2026",,2026-05-28T16:22:33.738000+00:00,MAYBE,6,"This tender requires organising and delivering a structured pre-acceleration training programme for 82 early-stage startups, which aligns with DevelopMinded's investment readiness, commercialisation, and startup support expertise, but the primary requirement is programme management and delivery logistics rather than pure consultancy services.","Evaluation and assessment of investor readiness, innovation programmes, and startup competitions","This call is for the organisation and delivery of Phase II ('Startup Builder') of the EIT Jumpstarter pre-acceleration programme on behalf of EIT RawMaterials for 2026-2027. The contractor must design and deliver training, mentoring, and business validation support to up to 82 early-stage startups across multiple sectors, culminating in investor-ready business plans and preparation for the Grand Demo Day pitch competition.","June 7th, 2026"
35673b458b31,EIT RawMaterials,Invitation to Tender: Platform Services for the Further Implementation of the Girls Go STEM Project,https://www.eitrawmaterials.eu/articles/invitation-tender-platform-services-further-implementation-girls-go-stem-project,05.06.2026,,2026-05-28T16:22:34.332858+00:00,NO,1,"This tender is for digital platform services (Moodle LMS hosting, ICT development, UX optimisation) for an educational STEM initiative, which has no overlap with DevelopMinded's technology commercialisation, investment readiness, or strategic consultancy services.",none,"This is a procurement by EIT RawMaterials for technical platform services to support the Girls Go STEM project, an educational initiative targeting 14-19-year-old girls across Europe. The contractor must deliver Moodle Workplace platform hosting/operation (Lot 1) and ICT development/technical implementation of the Circular Learning Space platform (Lot 2), including UX, analytics, multilingual content, and helpdesk services.",05.06.2026
ce579496e8d2,EIT Climate-KIC,NZC CESF Procurement RFP - Poland,https://www.climate-kic.org/wp-content/uploads/2026/05/RFP_2026_SGA2_Task-1.6-Poland-RFP2-15.05-QA_FINAL.pdf,26 May 2026,Climate KIC is looking for an expert support to facilitate the National Platform for Climate Neutral Cities in Poland. *The new deadline for submitting applications is 26 May.,2026-06-01T11:34:13.762601+00:00,NO,2,"This tender seeks expert support for facilitating a National Platform for Climate Neutral Cities in Poland, focused on urban climate transition and city engagement, which is outside DevelopMinded's core competencies in deep tech commercialisation and startup/research venture support.",none,"This RFP from EIT Climate-KIC under the NetZeroCities programme seeks expert support to facilitate the National Platform for Climate Neutral Cities in Poland, working within the EU Mission on Climate-Neutral and Smart Cities framework. The contractor must concretely deliver facilitation services for Polish cities pursuing climate neutrality, including stakeholder engagement, capacity building, and support for Climate City Contracts.",26 May 2026
01094a59d3af,EIT Climate-KIC,Request for Proposals: Climate KIC Travel Management Company Search,https://www.climate-kic.org/wp-content/uploads/2025/07/RFP-Climate-KIC-Travel-Management-Company-Search.pdf,4 August 2025,"Climate KIC is looking for a travel management company to manage all flights, accommodation and rail for the organisation. Deadline: 4 August 2025.",2026-06-01T11:34:13.764473+00:00,NO,1,"This tender is seeking a corporate travel management company to handle flight, rail, and accommodation bookings, which is entirely unrelated to DevelopMinded's technology commercialisation and deep tech advisory services.",none,"Climate KIC is procuring a travel management company to handle all international travel logistics (flights, rail, accommodation, events) across multiple legal entities globally. The contractor must provide booking, management, and support services for travel across EU, UK, Asia, South America, and Africa over a 2+2 year contract term.",4 August 2025
2c35b55410da,EIT Food,EIT Food is inviting proposals for a Managed IT Services partner,https://www.eitfood.eu/open-calls/eit-food-is-inviting-proposals-for-a-managed-it-services-partner,"Deadline: April 10, 2026",,2026-06-01T11:34:19.613048+00:00,NO,1,"This tender is for managed IT services (cloud infrastructure, cybersecurity, network administration) which is entirely outside DevelopMinded's core competencies in technology commercialisation and strategic consultancy.",none,"EIT Food is seeking a managed IT services provider for a three-year contract to deliver a secure, cloud-based working environment across its European hubs. The contractor must provide network administration, cloud services, server management, cybersecurity, and Microsoft office technology support.","Deadline: April 10, 2026"
fe671867329d,EIT Urban Mobility,Mobility Innovation Marketplace Visual Design 26 28,https://www.eiturbanmobility.eu/request-for-proposal/mobility-innovation-marketplace-visual-design-26-28/,24 May 2026,,2026-06-01T11:34:24.078316+00:00,NO,1,"This tender is for graphic design, web design, and UX/UI services for a digital platform, which is entirely outside DevelopMinded's service portfolio of technology commercialisation, market strategy, and investment readiness.",none,"EIT Urban Mobility is seeking a provider to deliver graphic design and web/UX-UI design services for their Mobility Innovation Marketplace, a digital platform showcasing urban mobility innovations. The contractor must produce promotional and communication materials and support the platform's visual and user experience design over 2026-2028.",24 May 2026
1e823ddf97f2,EIT Urban Mobility,Media And Social Media Monitoring And Analysis Software,https://www.eiturbanmobility.eu/request-for-proposal/media-and-social-media-monitoring-and-analysis-software/,20 May 2026,,2026-06-01T11:34:24.849650+00:00,NO,1,"This tender is for a media and social media monitoring software tool, which is entirely unrelated to DevelopMinded's technology commercialisation, investment readiness, or deep tech consultancy services.",none,EIT Urban Mobility is procuring a software solution for online press/media monitoring and social media listening and brand analysis. The contractor must deliver a monitoring system covering online media activities and social media analytics for the organisation.,20 May 2026
2fafec47dd31,EIT Urban Mobility,Project Management Software 26 28,https://www.eiturbanmobility.eu/request-for-proposal/project-management-software-26-28/,27 April 2026,,2026-06-01T11:34:25.944021+00:00,NO,1,"This tender is for a project management software platform (SaaS licenses and migration), which is entirely unrelated to DevelopMinded's technology commercialisation and strategic consultancy services.",none,"EIT Urban Mobility is seeking a supplier to provide a collaborative project management software platform to replace their current Asana setup, covering licenses for 30+ team members and migration support. The contractor must deliver a ready-to-use SaaS solution with task management, time tracking, collaboration features, user support, and data migration from Asana.",27 April 2026
98da7afd7852,EIT Urban Mobility,Rfp Video Production Services 26 28,https://www.eiturbanmobility.eu/request-for-proposal/rfp-video-production-services-26-28/,23 April 2026,,2026-06-01T11:34:27.026142+00:00,NO,1,"This tender is for video production services (filming, editing, post-production), which is entirely unrelated to DevelopMinded's technology commercialisation and strategic consulting services.",none,"EIT Urban Mobility is seeking a professional video production provider to create videos covering its projects, programmes, and initiatives from 2026 to 2028. The contractor must deliver full-cycle video production — from pre-production to post-production — including on-location filming, stakeholder interviews, long-form videos (up to 3 minutes), short-form social media clips in vertical format, and on-site photography.",23 April 2026
4c22c10056ad,EIT Urban Mobility,Eco Albania 26 28,https://www.eiturbanmobility.eu/request-for-proposal/eco-albania-26-28/,23 April 2026,,2026-06-01T11:34:27.815802+00:00,NO,1,"This tender requires a legally registered entity physically based in Albania to act as an EIT Community Officer for local hub coordination, which is entirely outside DevelopMinded's service offering and geographic eligibility.",none,"This call is issued by EIT Urban Mobility seeking a qualified Albanian-registered entity to coordinate and implement EIT Community Hub activities in Albania as an EIT Community Officer. The contractor must provide on-the-ground stakeholder mobilisation, innovation ecosystem engagement, and hub management support within Albania, with a nominated individual serving as the ECO.",23 April 2026
a0ca4984b523,EIT Urban Mobility,Rfp Social Media Agency26 28,https://www.eiturbanmobility.eu/request-for-proposal/rfp-social-media-agency26-28/,27 April 2026,,2026-06-01T11:34:28.599047+00:00,NO,1,"This tender seeks a social media agency for content creation, platform management, and digital communications, which is entirely outside DevelopMinded's technology commercialisation and deep tech strategy services.",none,"EIT Urban Mobility is procuring a social media agency to manage and enhance its presence across LinkedIn, X, Instagram, Facebook, and BlueSky from 2026 to 2028. The contractor must deliver social media strategy refinement, content proofreading, creative design, performance reporting, personal branding for executives, and campaign support for flagship events like the Tomorrow.Mobility World Congress.",27 April 2026
9fb6051ff52e,EIT Urban Mobility,Development Of A Digital Game And A Gamification And Rewards App 26 28,https://www.eiturbanmobility.eu/request-for-proposal/development-of-a-digital-game-and-a-gamification-and-rewards-app-26-28/,21 April 2026,,2026-06-01T11:34:29.368325+00:00,NO,1,"This tender requires software/app development services (digital game and gamification mobile app) which is entirely outside DevelopMinded's service portfolio of commercialisation, strategy, and advisory consulting.",none,"EIT Urban Mobility Foundation is procuring a provider to build two digital tools for the Horizon Europe Shift2Sustain project: a digital game (desktop and mobile) and a gamification/rewards mobile app promoting sustainable mobility behaviours. The contractor must design, develop, and deliver both functional software products, including game mechanics and a real-life rewards system integrated with real-world user behaviour.",21 April 2026
6ac77c53e4b5,EIT Urban Mobility,Strategic Advisory Services For Innovation Uptake And Knowledge Management 26 28,https://www.eiturbanmobility.eu/request-for-proposal/strategic-advisory-services-for-innovation-uptake-and-knowledge-management-26-28/,10 April 2026,,2026-06-01T11:34:30.152357+00:00,YES,8,"This tender directly requires technology commercialisation, exploitation framework development, go-to-market strategy, and knowledge transfer support for Horizon Europe projects — core DevelopMinded competencies.",Technology commercialisation and exploitation of research results,"EIT Urban Mobility is seeking a consultancy to provide strategic advisory services for its Horizon Lab programme, focused on creating an Innovation Uptake and Exploitation Framework for urban mobility solutions developed through Horizon Europe projects (pre-TRL6). The contractor must deliver structured methodologies, templates and tools for commercial exploitation, market access, stakeholder engagement, knowledge transfer, and policy uptake, as well as support knowledge management processes and position Horizon Lab as a key impact enabler in FP10.",10 April 2026
429762e60cce,EIT Urban Mobility,Event Venue Face To Face All Hands Meeting 2026,https://www.eiturbanmobility.eu/request-for-proposal/event-venue-face-to-face-all-hands-meeting-2026/,15 April 2026,,2026-06-01T11:34:30.951742+00:00,NO,1,"This tender is for an event venue with catering, furniture, and audiovisual support, which is entirely unrelated to DevelopMinded's technology commercialisation and strategic consultancy services.",none,"EIT Urban Mobility is seeking a venue provider to host their 2026 Face-to-Face All Hands Meeting in Barcelona's Metropolitan Area on 28 May 2026, with approximately 180 participants. The contractor must provide a physical event space, catering, furniture, staff, and audiovisual support for a full-day programme including plenary sessions, workshops, and an evening cocktail event.",15 April 2026
0987e4bed967,EIT Urban Mobility,Employees Survey Company Certification 26 28,https://www.eiturbanmobility.eu/request-for-proposal/employees-survey-company-certification-26-28/,13 April 2026,,2026-06-01T11:34:31.835742+00:00,NO,1,"This tender is for employee satisfaction surveys and employer certification services, which is entirely outside DevelopMinded's technology commercialisation and deep tech advisory focus.",none,"EIT Urban Mobility is seeking a provider to conduct annual employee surveys that result in a 'great employer' certification, plus an optional supplementary survey for organisational culture diagnosis. The contractor must design, administer, and score employee surveys and deliver certification outcomes based on results.",13 April 2026
65488e0cf191,EIT Urban Mobility,Call For Experts Evaluators And Rapporteurs Apr26,https://www.eiturbanmobility.eu/request-for-proposal/call-for-experts-evaluators-and-rapporteurs-apr26/,30 April 2026,,2026-06-01T11:34:32.608192+00:00,MAYBE,5,"DevelopMinded's expertise in evaluating innovation programmes, startup competitions, and investor readiness aligns with the expert evaluator role, though this is an individual expert pool call rather than a consultancy contract for core commercial services.","Evaluation and assessment of investor readiness, innovation programmes, and startup competitions","EIT Urban Mobility is building a pool of external expert evaluators and rapporteurs to support evaluation and selection of proposals across its business areas including Academy, Innovation, Impact Ventures/Investments, and Social Innovation. Contractors must serve as independent evaluators or rapporteurs for EIT UM's calls for proposals, assessing submitted applications across these domains.",30 April 2026
c1fccd599c4e,EIT Urban Mobility,Visual Graphic Design And Creative Services 26 28,https://www.eiturbanmobility.eu/request-for-proposal/visual-graphic-design-and-creative-services-26-28/,14 April 2026,,2026-06-01T11:34:33.399400+00:00,NO,1,"This tender requires a visual/graphic design agency for brand identity and creative services, which is entirely outside DevelopMinded's technology commercialisation and strategic consultancy expertise.",none,"EIT Urban Mobility is seeking an external design agency to maintain and consolidate its visual identity across print and digital formats, supporting internal and external communications and marketing goals. The contractor must deliver graphic design and creative services over 2026-2028.",14 April 2026
f216e131bf9b,EIT Urban Mobility,Selection Of Legal Experts In Investment Transactions 26 28,https://www.eiturbanmobility.eu/request-for-proposal/selection-of-legal-experts-in-investment-transactions-26-28/,12 April 2026,,2026-06-01T11:34:34.145232+00:00,NO,1,"This tender requires qualified legal experts in corporate law and investment transactions, which is entirely outside DevelopMinded's service portfolio of technology commercialisation, market strategy, and investment readiness consulting.",none,"EIT Urban Mobility is creating a pool of legal experts to advise on corporate law across its investment activities from 2026 to 2028. Contractors must deliver transactional legal support (drafting/negotiating investment agreements, governance advice) and ad hoc legal advisory services (M&A, restructuring, insolvency, tax considerations) for portfolio companies.",12 April 2026
893bac790ef9,EIT Urban Mobility,Writing And Photo Services 26 28,https://www.eiturbanmobility.eu/request-for-proposal/writing-and-photo-services-26-28/,10 April 2026,,2026-06-01T11:34:34.906772+00:00,NO,1,"This tender requires writing and photography/multimedia production services, which are entirely outside DevelopMinded's core competencies in technology commercialisation, investment readiness, and strategic consulting.",none,"EIT Urban Mobility is seeking a multimedia provider to deliver written content and on-location photography for corporate materials such as Impact Stories, covering its pilots, programmes, and startups. The contractor must produce both text and visual deliverables to support EIT Urban Mobility's awareness and dissemination activities over 2026-2028.",10 April 2026
f3d81a356f56,EIT Urban Mobility,Transport Research Arena 2026,https://www.eiturbanmobility.eu/request-for-proposal/transport-research-arena-2026/,30 March 2026,,2026-06-01T11:34:35.674775+00:00,NO,1,"This tender is for conference and expo organisation/event management services at TRA 2026 in Budapest, which is entirely outside DevelopMinded's service portfolio of technology commercialisation, investment readiness, and strategic consultancy.",none,"EIT Urban Mobility is seeking a contractor to provide professional support for its participation as a partner and exhibitor at the Transport Research Arena 2026 conference in Budapest (18-21 May 2026), a flagship European transport research and innovation event expecting over 3,000 attendees. The contractor must concretely deliver conference and expo organisation services to ensure EIT Urban Mobility has a visible, active presence in both the conference programme and exhibition area.",30 March 2026
b69b30d4ed8e,EIT Urban Mobility,Eu Affairs Freelancer 2026 2028,https://www.eiturbanmobility.eu/request-for-proposal/eu-affairs-freelancer-2026-2028/,06 April 2026,,2026-06-01T11:34:36.739847+00:00,NO,2,"This tender requires a Brussels-based EU public affairs/lobbying freelancer focused on institutional stakeholder engagement for EIT Urban Mobility, which is outside DevelopMinded's core services in technology commercialisation, investment readiness, and deep tech go-to-market strategy.",none,"EIT Urban Mobility is seeking a single provider to deliver EU Affairs (public affairs/lobbying) support, requiring physical proximity to Brussels and EU institutions. The contractor must provide professional public affairs services including stakeholder engagement with EU institutions on behalf of EIT Urban Mobility.",06 April 2026
eafd3711f01f,EIT Urban Mobility,Media Relations Support,https://www.eiturbanmobility.eu/request-for-proposal/media-relations-support/,26 March 2026,,2026-06-01T11:34:37.522541+00:00,NO,1,"This tender requires a media relations agency with PR/press expertise across Europe, which is entirely outside DevelopMinded's core services in technology commercialisation, investment readiness, and strategic advisory.",none,"EIT Urban Mobility is seeking a professional media relations agency to support its press and media strategy across Europe, including journalist identification, press releases, interview facilitation, and event organisation. The contractor must deliver proactive media outreach, build journalist relationships, and enhance EIT Urban Mobility's brand visibility with institutional, governmental, and private sector audiences.",26 March 2026
2ce66fa8b401,EIT Urban Mobility,Supernovas Marketing Agency 26 28,https://www.eiturbanmobility.eu/request-for-proposal/supernovas-marketing-agency-26-28/,08 April 2026,,2026-06-01T11:34:38.303998+00:00,NO,1,"This tender requires a full-service digital marketing agency (SEO, paid ads, email marketing, social media) for a women's entrepreneurship initiative, which is entirely outside DevelopMinded's technology commercialisation and deep tech advisory services.",none,"EIT Urban Mobility is seeking a digital marketing agency to promote the EIT Community Supernovas initiative, a joint programme supporting women-led startups and women in entrepreneurship. The contractor must deliver a comprehensive digital marketing strategy including SEO, GEO, paid advertising, email marketing, website support, visual asset creation, performance reporting, and event-related communications support over 2026-2028.",08 April 2026
497d9f9864f3,EIT Urban Mobility,Digital And Private Platform For Eit Higher Education Initiative Community 26 28,https://www.eiturbanmobility.eu/request-for-proposal/digital-and-private-platform-for-eit-higher-education-initiative-community-26-28/,26 March 2026,,2026-06-01T11:34:39.070880+00:00,NO,1,"This tender is for building and managing a digital community platform (IT/software service), which is entirely outside DevelopMinded's service offering in technology commercialisation, market strategy, and investment readiness.",none,"EIT Urban Mobility is procuring a private digital extranet platform for the EIT Higher Education Initiative Community, targeting up to 9,000 members. The contractor must deliver and maintain an online community platform with core features (WP1) and optional add-on functionalities (WP2) to support collaboration among higher education institutions, students, staff, and startup founders.",26 March 2026
0794220361af,EIT Urban Mobility,It Management System Maintenance Academy,https://www.eiturbanmobility.eu/request-for-proposal/it-management-system-maintenance-academy/,24 March 2026,,2026-06-01T11:34:39.834443+00:00,NO,1,"This tender is for IT system maintenance and software support for a student lifecycle management platform, which has no overlap with DevelopMinded's technology commercialisation and strategic advisory services.",none,"EIT Urban Mobility is seeking a contractor to maintain and support its Plaza IT management system, specifically the Academy module that handles student lifecycle management including application processing, eligibility assessment, student selection, and activity reporting. The contractor must provide technical IT maintenance and development services for this student portal platform.",24 March 2026
918956c51540,EIT Urban Mobility,Mobility Innovation Marketplace Visual Desing 26 28,https://www.eiturbanmobility.eu/request-for-proposal/mobility-innovation-marketplace-visual-desing-26-28/,20 March 2026,,2026-06-01T11:34:40.638151+00:00,NO,1,"This tender requires graphic design, web design, and UX/UI services for a digital platform, which is entirely outside DevelopMinded's technology commercialisation and strategic consultancy capabilities.",none,"EIT Urban Mobility is seeking a provider to deliver graphic design and web/UX-UI design services for its Mobility Innovation Marketplace, a digital platform showcasing innovative urban mobility solutions. The contractor must produce promotional and communication materials and support the platform's visual and digital design over 2026-2028.",20 March 2026
16f43fa6e9b0,EIT Urban Mobility,Quality Assurance External Expert Evaluators For Academy,https://www.eiturbanmobility.eu/request-for-proposal/quality-assurance-external-expert-evaluators-for-academy/,10 April 2026,,2026-06-01T11:34:41.486888+00:00,NO,2,"This tender requires quality assurance reviewers for educational courses under the EIT Label system, which is unrelated to DevelopMinded's core services in technology commercialisation, investment readiness, or deep tech venture support.","Evaluation and assessment of investor readiness, innovation programmes, and startup competitions","EIT Urban Mobility is building a pool of external expert reviewers to conduct quality assurance assessments of courses within its Academy portfolio, specifically checking alignment with EIT Label quality standards for non-degree education and training. Contractors must review and assess learning content against defined EIT Label criteria to support course accreditation.",10 April 2026
2832d2884536,EIT RawMaterials,Request for proposal: EIT RM – Project Management and Support for Implementation of new BoB…,https://www.eitrawmaterials.eu/articles/request-proposal-eit-rm-project-management-and-support-implementation-new-bob-financial,22.05.2026,,2026-06-01T11:34:42.382040+00:00,NO,1,"This tender is for IT project management and financial software implementation (ERP/BoB toolset covering procurement, AP, HRIS, etc.) for EIT RawMaterials' internal back-office systems, which is entirely outside DevelopMinded's service portfolio focused on technology commercialisation, investment readiness, and deep tech venture support.",none,"EIT RawMaterials is seeking a service provider to manage the implementation of a best-of-breed financial and HR software toolset to modernise its internal finance and HR application landscape. The contractor must validate pre-selected software solutions, manage the end-to-end implementation project, and provide functional finance, accounting, and IT advisory support across areas including procurement, accounts payable, treasury, HRIS, and time tracking.",22.05.2026
9411ceae440f,EIT RawMaterials,Software-Maintenance and other IT-Services (BlueBook),https://www.eitrawmaterials.eu/call-for-offers/software-maintenance-it-services-bluebook,30.04.2026,,2026-06-01T11:34:42.914690+00:00,NO,1,"This tender requires software development and IT maintenance services (.NET, Angular, SQL Server) for an internal project management tool, which is entirely outside DevelopMinded's consultancy service offering.",none,"EIT RawMaterials is seeking an IT service provider to maintain and modernize its internal BlueBook project management software, built on ASP.NET/VB.NET with an Angular-based frontend migration underway. The contractor must deliver hands-on software maintenance, bug fixes, and active development support for the BlueBook 2.0 transition using .NET, Angular, and SQL Server in an agile framework.",30.04.2026
58a550f29c2c,EIT RawMaterials,Call for Proposals: LMS Implementation Support and Consultancy - Retainer Engagement,https://www.eitrawmaterials.eu/articles/call-proposals-lms-implementation-support-and-consultancy-retainer-engagement,Intended award notification 27 April 2026,,2026-06-01T11:34:43.182247+00:00,NO,1,"This tender is for LMS technical advisory and e-learning platform consultancy (SCORM/xAPI, digital credentialing, payment integration), which is entirely outside DevelopMinded's technology commercialisation and deep tech advisory services.",none,"EIT RawMaterials seeks a technical consultancy partner on a retainer basis to support the maturation of its Learning Management System (LMS) for the RM Academy and AM Academy. The contractor must provide 10–20 hours of advisory guidance on digital credentialing, SCORM/xAPI compliance, payment configuration, API integration, and platform reporting over a 4–6 month period with a budget of €10,000–€14,000.",Intended award notification 27 April 2026
174a7afa3019,EIT RawMaterials,Request for Proposals: Media Monitoring & Media Database Services,https://www.eitrawmaterials.eu/call-for-offers/media-monitoring-media-database-services,11 March 2026,,2026-06-01T11:34:43.448159+00:00,NO,1,"This tender is for media monitoring and media database services (press clipping, journalist databases, sentiment analysis), which is entirely unrelated to DevelopMinded's technology commercialisation and deep tech advisory services.",none,"EIT RawMaterials is seeking a supplier to provide media monitoring and media database services under a 2-year framework agreement, covering online, print, broadcast, and trade media across European and international markets. The contractor must deliver real-time alerts, dashboards, a searchable journalist database, analytics reporting, and dedicated account management support.",11 March 2026
b59b23f29f65,EIT RawMaterials,Request for Proposal:  Production Company for the EIT  RawMaterials e.V. General  Assembly on May…,https://www.eitrawmaterials.eu/articles/request-proposal-production-company-eit-rawmaterials-ev-general-assembly-may-19th-2026,23 March 2026,,2026-06-01T11:34:43.729766+00:00,NO,1,"This tender is for an audiovisual production company to manage technical event production (staging, sound, lighting, livestreaming, voting systems) for a General Assembly, which has no overlap with DevelopMinded's technology commercialisation and strategic consultancy services.",none,"EIT RawMaterials is seeking an experienced production company to deliver full technical production of its General Assembly on 19 May 2026 in Brussels. The contractor must provide all AV equipment, staging, livestreaming infrastructure, real-time voting tools, and technical staff for setup, operation, and dismantling of the event.",23 March 2026
5cf85ff9d99a,EIT RawMaterials,Request for proposal: DiliCHANCE,https://www.eitrawmaterials.eu/articles/request-proposal-dilichance,07/May/2026,,2026-06-01T11:34:43.997997+00:00,MAYBE,4,"The exploitation plan and business model development component (Task 5.4) aligns with DevelopMinded's technology commercialisation and exploitation services, but the bulk of the work involves due diligence regulatory content, webinar delivery, and platform management outside DevelopMinded's core competencies.",Technology commercialisation and exploitation of research results,"DiliCHANCE is a Horizon Europe project focused on Human Rights and Environmental Due Diligence (HREDD) in mineral/raw materials value chains. The contractor must deliver webinars for industry and policymakers, manage a knowledge platform (DD One-Stop-Shop), support peer-learning sessions for tool providers, and lead the development of business models, an exploitation plan, and a Joint Ownership Agreement for the post-project phase.",07/May/2026
40f8bf0d89f7,EIT RawMaterials,Call for Applications for Members for the Executive Board of EIT RawMaterials e.V.,https://www.eitrawmaterials.eu/articles/call-for-applications-members-of-executive-board,2026-02-09_EIT RawMaterials-Call for Board members_FINAL (UPDATE…,,2026-06-01T11:34:44.428796+00:00,NO,1,"This is a call for individual candidates to join a governance board, not a procurement for consultancy services.",none,"EIT RawMaterials is seeking candidates to fill Executive Board member positions for its association (EIT RawMaterials e.V.), a supervisory governance role overseeing the organisation's strategic direction. Applicants must be individuals willing to serve a three-year term on the board, elected by the General Assembly of partners.",2026-02-09_EIT RawMaterials-Call for Board members_FINAL (UPDATE…
93d00cd3989a,EIT RawMaterials,Call for Proposals: AI-powered Educational Content Creation Platform,https://www.eitrawmaterials.eu/articles/call-proposals-ai-powered-educational-content-creation-platform,16 February 2026,,2026-06-01T11:34:44.692342+00:00,NO,1,"This tender is a procurement for an enterprise AI-powered video creation software platform, which is entirely outside DevelopMinded's service portfolio of technology commercialisation, investment readiness, and strategic consultancy.",none,"EIT RawMaterials is seeking a qualified provider to supply, configure, and support a scalable, multilingual, AI-powered educational video creation platform for its European Raw Materials Academy and European Advanced Materials Academy. The contractor must deliver an enterprise-grade software platform enabling digital learning content production, multilingual localisation, institutional IP control, and scalable content development workflows.",16 February 2026
9e6a458d7a1c,EIT InnoEnergy,Catering services for The Business Booster 2026,https://innoenergy.com/uploads/2026/05/Catering-services-for-The-Business-Booster-2026.zip,25.05.2026,,2026-06-01T11:34:46.876922+00:00,NO,1,"This tender is for catering services at an EIT InnoEnergy event, which is a physical hospitality/food service procurement entirely unrelated to DevelopMinded's technology commercialisation and strategic consultancy services.",none,"This call is issued by EIT InnoEnergy seeking a catering supplier for The Business Booster 2026 event. The contractor must concretely deliver food and beverage catering services at the event venue, as evidenced by the accompanying floor plans.",25.05.2026
7a57b01516e9,EIT InnoEnergy,Support with the student administration of the Institute of Sustainable Energy Foundation,https://innoenergy.com/uploads/2026/02/Student-administration-services-2026_1.zip,13.03.2026,,2026-06-01T11:34:46.877087+00:00,NO,1,"This tender is for student administration services at an educational institute, which is entirely unrelated to DevelopMinded's technology commercialisation, investment readiness, or innovation strategy services.",none,"This call from EIT InnoEnergy's Institute of Sustainable Energy Foundation seeks support with student administration tasks. The contractor must deliver administrative services related to student management, which is an operational/educational support function with no connection to deep tech commercialisation or innovation strategy.",13.03.2026
ffbbb7111294,EIT InnoEnergy,Learning & Training Materials and Content Development Services,https://innoenergy.com/uploads/2026/02/Content-Development-Services-IESI_2026.2.20.zip,28.03.2026,,2026-06-01T11:34:46.877225+00:00,NO,1,"This tender is for learning and training content development services from EIT InnoEnergy, which has no overlap with DevelopMinded's core services in technology commercialisation, investment readiness, or deep tech go-to-market strategy.",none,"This call from EIT InnoEnergy is for the development of learning and training materials and content, likely for energy-related education programmes. The contractor would be required to produce structured educational content, course materials, and related learning assets for EIT InnoEnergy's programmes.",28.03.2026
4578619986ea,EIT InnoEnergy,InnoEnergy Ukraine Representative for 2026 – 2027,https://innoenergy.com/uploads/2026/02/Ukraine.zip,28.02.2026,,2026-06-01T11:34:46.877396+00:00,NO,2,"This tender seeks a country representative/agent role for EIT InnoEnergy in Ukraine, which is an operational representation function unrelated to DevelopMinded's technology commercialisation, bid preparation, or strategic advisory services.",none,"This call is for an InnoEnergy Ukraine Representative for 2026-2027, likely involving local stakeholder engagement, ecosystem development, and representing EIT InnoEnergy's interests in Ukraine. The contractor must act as an in-country representative, managing relationships and promoting InnoEnergy's activities in the Ukrainian market.",28.02.2026
e56e7fefd004,EIT InnoEnergy,InnoEnergy Türkiye Representative for 2026 – 2027,https://innoenergy.com/uploads/2026/02/Turkiye.zip,28.02.2026,,2026-06-01T11:34:46.877612+00:00,NO,2,"This tender seeks a local country representative for EIT InnoEnergy in Türkiye, which is a business development/representation role rather than a technology commercialisation or research exploitation consultancy assignment.",none,"EIT InnoEnergy is seeking a representative to act on its behalf in Türkiye for the period 2026–2027. The contractor would be expected to represent InnoEnergy's interests, build local partnerships, and support InnoEnergy's activities in the Turkish market, functioning essentially as a local agent or liaison.",28.02.2026
5c8f71c9d4b8,EIT InnoEnergy,InnoEnergy Romania Representative for 2026 – 2027,https://innoenergy.com/uploads/2026/02/Romania.zip,28.02.2026,,2026-06-01T11:34:46.877764+00:00,MAYBE,4,"This tender seeks a national representative for EIT InnoEnergy in Romania, which could involve partnership strategy and stakeholder outreach aligned with DevelopMinded's services, but the core role appears to be an ecosystem representation/business development mandate rather than a direct consultancy service DevelopMinded typically delivers.",Partnership strategy and stakeholder outreach,"This call from EIT InnoEnergy seeks a Romanian representative for the 2026–2027 period to act on behalf of the InnoEnergy network in Romania. The contractor would likely be required to represent InnoEnergy's interests, engage local stakeholders, support portfolio companies, and develop the clean energy innovation ecosystem in Romania.",28.02.2026
ef38e52b81ab,EIT InnoEnergy,InnoEnergy Hungary Representative for 2026 – 2027,https://innoenergy.com/uploads/2026/02/Hungary.zip,28.02.2026,,2026-06-01T11:34:46.877904+00:00,MAYBE,4,"This tender seeks a Hungarian representative for EIT InnoEnergy, which involves innovation ecosystem engagement that partially overlaps with DevelopMinded's partnership strategy and stakeholder outreach services, but the core role appears to be a regional representation/business development function rather than technology commercialisation or research exploitation consulting.",Partnership strategy and stakeholder outreach,"This is a Request for Proposals from EIT InnoEnergy seeking a Hungary Representative for 2026-2027, likely to act as a local liaison and ecosystem enabler for InnoEnergy's activities in Hungary. The contractor would be expected to represent InnoEnergy's interests, engage with local stakeholders, support portfolio companies, and facilitate innovation ecosystem activities in the Hungarian market.",28.02.2026
19d7e49359bb,EIT InnoEnergy,InnoEnergy Estonia Representative for 2026 – 2027,https://innoenergy.com/uploads/2026/02/Estonia.zip,28.02.2026,,2026-06-01T11:34:46.878043+00:00,MAYBE,4,"This tender seeks a local Estonian representative for EIT InnoEnergy, which involves stakeholder outreach and partnership strategy aligned with DevelopMinded's services, but is primarily a regional representation/business development role rather than deep tech commercialisation or research exploitation consulting.",Partnership strategy and stakeholder outreach,"EIT InnoEnergy is seeking a representative to act on their behalf in Estonia for the period 2026-2027. The contractor would likely be required to represent InnoEnergy's interests, build local partnerships, engage with relevant ecosystem stakeholders, and support InnoEnergy's activities in the Estonian market.",28.02.2026
833fd231887a,EIT InnoEnergy,InnoEnergy Czechia Representative for 2026 – 2027,https://innoenergy.com/uploads/2026/02/Czechia.zip,28.02.2026,,2026-06-01T11:34:46.878182+00:00,MAYBE,5,"This tender seeks a country representative for EIT InnoEnergy in Czechia, which could overlap with DevelopMinded's partnership strategy, stakeholder outreach, and support for deep tech ventures, but the role is primarily a regional representation/business development position rather than a consultancy service contract.",Partnership strategy and stakeholder outreach,"This is a Request for Proposals from EIT InnoEnergy seeking a representative body or individual to act as their official Czechia representative for 2026–2027. The contractor would likely be required to represent InnoEnergy's interests in the Czech market, engage with local stakeholders, support portfolio companies, and facilitate connections between Czech innovators and the InnoEnergy network.",28.02.2026
2c373fe16826,EIT InnoEnergy,SDR Agency services Skills Institute,https://innoenergy.com/uploads/2026/02/SDR-Agency-services-Skills-Institute.zip,16.02.2026,,2026-06-01T11:34:46.878347+00:00,NO,2,"This tender is for SDR (Sales Development Representative) agency services for EIT InnoEnergy's Skills Institute, which is a sales/lead generation outsourcing role entirely unrelated to DevelopMinded's technology commercialisation and deep tech consultancy services.",none,"This call from EIT InnoEnergy is seeking an external SDR (Sales Development Representative) agency to support the Skills Institute with outbound sales and lead generation activities. The contractor would be expected to deliver sales prospecting, outreach, and pipeline-building services on behalf of the Skills Institute.",16.02.2026
d1ab0bfd2ee5,EIT InnoEnergy,Exhibition set-up for The Business Booster 2026,https://innoenergy.com/uploads/2026/02/Exhibition-set-up-for-TBB2026.zip,28.02.2026,,2026-06-01T11:34:46.878483+00:00,NO,1,"This tender is for physical exhibition setup and event logistics services, which is entirely unrelated to DevelopMinded's technology commercialisation and strategic consultancy offerings.",none,"This is a procurement by EIT InnoEnergy for the physical setup of an exhibition at The Business Booster 2026 event, including booth/stand construction and floor planning. The contractor must deliver physical exhibition infrastructure setup based on provided floorplans.",28.02.2026
cbb776480a41,EIT InnoEnergy,Marketing Communications Services InnoEnergy: Skills Institute and Masters+,https://innoenergy.com/uploads/2025/12/Marketing-Communications-Services-InnoEnergy_Skills-Institute-and-Masters.zip,16.01.2026,,2026-06-01T11:34:46.878616+00:00,NO,1,"This tender is for marketing communications services for EIT InnoEnergy's Skills Institute and Masters+ programmes, which requires marketing/PR agency capabilities entirely outside DevelopMinded's technology commercialisation and strategic advisory services.",none,"This call from EIT InnoEnergy seeks a contractor to deliver marketing communications services for its Skills Institute and Masters+ education programmes. The contractor must concretely deliver marketing campaigns, content creation, brand communications, and promotional activities for these energy-focused educational offerings.",16.01.2026
412cf100d856,EIT InnoEnergy,Skills Intelligence Dashboard,https://innoenergy.com/uploads/2025/12/Skills-Intelligence-Dashboard-2025.zip,18.12.2025,,2026-06-01T11:34:46.878749+00:00,ERROR,0,"Error code: 429 - {'type': 'error', 'error': {'type': 'rate_limit_error', 'message': ""This request would exceed your organization's rate limit of 30,000 input tokens per minute (org: 75120f1c-5d3b-4441-9fbd-05d894033efb, model: claude-sonnet-4-6). For details, refer to: https://docs.claude.com/en/api/rate-limits. You can see the response headers for current usage. Reduce the prompt length or the maximum tokens requested, or try again later. View your current limits at https://console.anthropic.com/settings/limits. To raise this limit, purchase credits to advance to the next usage tier at https://console.anthropic.com/settings/billing.""}, 'request_id': 'req_011CbcUHwAotjCiW4BxHZnHK'}",,,
dd422f7fbcf2,EIT InnoEnergy,CRM Facility – Government Affairs,https://innoenergy.com/uploads/2025/12/CRM-Facility-Government-Affairs.zip,16.12.2025,,2026-06-01T11:34:46.878876+00:00,ERROR,0,"Error code: 429 - {'type': 'error', 'error': {'type': 'rate_limit_error', 'message': ""This request would exceed your organization's rate limit of 30,000 input tokens per minute (org: 75120f1c-5d3b-4441-9fbd-05d894033efb, model: claude-sonnet-4-6). For details, refer to: https://docs.claude.com/en/api/rate-limits. You can see the response headers for current usage. Reduce the prompt length or the maximum tokens requested, or try again later. View your current limits at https://console.anthropic.com/settings/limits. To raise this limit, purchase credits to advance to the next usage tier at https://console.anthropic.com/settings/billing.""}, 'request_id': 'req_011CbcUJRPC1J5eCX5Hca83o'}",,,
dd86b67fe60d,EIT InnoEnergy,"Registration, B2B tool and on-site services for TBB2026",https://innoenergy.com/uploads/2025/12/Registration-B2B-tool-and-on-site-services-for-TBB2026.zip,12.12.2025,,2026-06-01T11:34:46.879002+00:00,ERROR,0,"Error code: 429 - {'type': 'error', 'error': {'type': 'rate_limit_error', 'message': ""This request would exceed your organization's rate limit of 30,000 input tokens per minute (org: 75120f1c-5d3b-4441-9fbd-05d894033efb, model: claude-sonnet-4-6). For details, refer to: https://docs.claude.com/en/api/rate-limits. You can see the response headers for current usage. Reduce the prompt length or the maximum tokens requested, or try again later. View your current limits at https://console.anthropic.com/settings/limits. To raise this limit, purchase credits to advance to the next usage tier at https://console.anthropic.com/settings/billing.""}, 'request_id': 'req_011CbcUJpFroenvTVNoTAQop'}",,,
7c7a81afa490,EIT InnoEnergy,Accommodation and housing services for TBB 2026,https://innoenergy.com/uploads/2025/12/Accommodation-and-housing-services-for-TBB-2026.zip,12.12.2025,,2026-06-01T11:34:46.879127+00:00,NO,1,"This tender is for accommodation and housing services for a TBB 2026 event organised by EIT InnoEnergy, which is entirely unrelated to DevelopMinded's technology commercialisation and strategic consultancy services.",none,This is a request for proposal from EIT InnoEnergy seeking housing and accommodation services for an event called TBB 2026. The contractor must concretely deliver lodging/housing arrangements for participants of this event.,12.12.2025
46c2a1d78e90,EIT InnoEnergy,Quality Management Services: AI 4 Green Deal Project,https://innoenergy.com/uploads/2025/10/Quality-Management-Services-AI-4-Green-Deal-Project-2.zip,14.11.2025,,2026-06-01T11:34:46.879258+00:00,MAYBE,4,"The tender is for Quality Management Services within an EIT InnoEnergy AI/Green Deal project, which touches on innovation programme management but does not align closely with DevelopMinded's core commercialisation, investment readiness, or go-to-market services.","Evaluation and assessment of investor readiness, innovation programmes, and startup competitions","This is a Request for Proposal issued by EIT InnoEnergy for Quality Management Services related to the AI 4 Green Deal project. The contractor would likely be required to deliver quality assurance frameworks, monitoring processes, and compliance/reporting mechanisms for the project, though the full scope is unclear due to the binary file content.",14.11.2025
8762a3bdbd95,EIT InnoEnergy,Licensing of online modular solar training content and instructor-led training kits for the European Solar Academy,https://innoenergy.com/uploads/2025/10/LICENS1.zip,27.10.2025,,2026-06-01T11:34:46.879401+00:00,ERROR,0,"Error code: 429 - {'type': 'error', 'error': {'type': 'rate_limit_error', 'message': ""This request would exceed your organization's rate limit of 30,000 input tokens per minute (org: 75120f1c-5d3b-4441-9fbd-05d894033efb, model: claude-sonnet-4-6). For details, refer to: https://docs.claude.com/en/api/rate-limits. You can see the response headers for current usage. Reduce the prompt length or the maximum tokens requested, or try again later. View your current limits at https://console.anthropic.com/settings/limits. To raise this limit, purchase credits to advance to the next usage tier at https://console.anthropic.com/settings/billing.""}, 'request_id': 'req_011CbcUKmhbPYPZXUweyjoez'}",,,
ab8d27fe43e7,EIT InnoEnergy,"Subcontracting of non-core activities for the execution of Project CRM Facility. Latin America with a focus on Argentina, Chile and Peru",https://innoenergy.com/uploads/2025/09/subcontracting-of-non-core-activities-for-the-execution-of-project-crm-facility-latin-america-with-a-focus-on-argentina-chile-and-peru.zip,25.09.25,,2026-06-01T11:34:46.879530+00:00,NO,2,"This tender is about subcontracting non-core activities for a Critical Raw Materials (CRM) facility project focused on Latin America (Argentina, Chile, Peru), which is outside DevelopMinded's core competencies in EU deep tech commercialisation and Horizon Europe/EIC support.",none,"This is an EIT InnoEnergy Request for Proposal seeking subcontractors to support non-core activities for a CRM (Critical Raw Materials) Facility project with a geographic focus on Latin America, specifically Argentina, Chile, and Peru. The contractor would need to deliver operational or technical support services related to raw materials development in that region.",25.09.25
f972d99a5d81,EIT InnoEnergy,Subcontracting of non-core activities for the execution of Project CRM Facility (Pre-due diligence Assessment),https://innoenergy.com/uploads/2025/07/Subcontracting-of-non-core-activities-for-the-execution-of-Project-CRM-facility-2.zip,09.08.2025,,2026-06-01T11:34:46.879659+00:00,MAYBE,5,"The tender involves pre-due diligence assessment for a CRM (Critical Raw Materials) Facility under EIT InnoEnergy, which partially aligns with DevelopMinded's investment readiness and evaluation/assessment services, but the core focus appears to be on industrial/materials project assessment rather than deep tech commercialisation or startup support.","Evaluation and assessment of investor readiness, innovation programmes, and startup competitions","This is an EIT InnoEnergy subcontracting call for non-core activities related to a Critical Raw Materials (CRM) Facility project, specifically covering pre-due diligence assessment work. The contractor is expected to deliver assessment and analytical services supporting the due diligence process for CRM-related investments or projects.",09.08.2025
4d82c4ec3744,EIT InnoEnergy,Freight and Logistic services for TBB2025,https://innoenergy.com/uploads/2025/07/Freight-and-logistics-services_TBB2025.zip,18.07.2025,,2026-06-01T11:34:46.879786+00:00,NO,1,"This tender is for freight and logistics services for an event (TBB2025), which has no connection to DevelopMinded's technology commercialisation and strategic consultancy services.",none,"This call from EIT InnoEnergy is seeking freight and logistics services for the TBB2025 event, likely involving physical transportation and handling of exhibition materials. The contractor must provide logistical support for exhibitors, including shipping, handling, and delivery of goods to and from the event venue.",18.07.2025
16bd204ccf3c,EIT InnoEnergy,13.06.2026 | EU Public Affairs Services,https://innoenergy.com/uploads/2025/06/EU-Public-Affairs-Services.zip,30.07.2025,,2026-06-01T11:34:46.881949+00:00,NO,2,"This tender is for EU Public Affairs services (lobbying, policy advocacy, institutional relations) issued by EIT InnoEnergy, which is outside DevelopMinded's core competencies in technology commercialisation, investment readiness, and deep tech go-to-market strategy.",none,"This is a Request for Proposal from EIT InnoEnergy seeking EU Public Affairs services, likely covering policy monitoring, stakeholder engagement with EU institutions, and advocacy. The contractor would be expected to provide strategic public affairs counsel, representation before EU institutions, and policy positioning support for InnoEnergy's agenda.",30.07.2025
73a34cdac62a,EIT InnoEnergy,Project Manager AI4GreenDeal,https://innoenergy.com/uploads/2025/05/AI4GreenDeal-project.zip,23.05.2025,,2026-06-01T11:34:46.882107+00:00,ERROR,0,"Error code: 429 - {'type': 'error', 'error': {'type': 'rate_limit_error', 'message': ""This request would exceed your organization's rate limit of 30,000 input tokens per minute (org: 75120f1c-5d3b-4441-9fbd-05d894033efb, model: claude-sonnet-4-6). For details, refer to: https://docs.claude.com/en/api/rate-limits. You can see the response headers for current usage. Reduce the prompt length or the maximum tokens requested, or try again later. View your current limits at https://console.anthropic.com/settings/limits. To raise this limit, purchase credits to advance to the next usage tier at https://console.anthropic.com/settings/billing.""}, 'request_id': 'req_011CbcULiwBXvLjf7tLeUUJR'}",,,
6e94bc87e752,EIT InnoEnergy,Subcontracting of non-core activities for the execution of Project CRM Facility,https://innoenergy.com/uploads/2025/05/Subcontracting-of-non-core-activities-for-the-execution-of-Project-CRM-Facility.zip,22.05.2025,,2026-06-01T11:34:46.882236+00:00,ERROR,0,"Error code: 429 - {'type': 'error', 'error': {'type': 'rate_limit_error', 'message': ""This request would exceed your organization's rate limit of 30,000 input tokens per minute (org: 75120f1c-5d3b-4441-9fbd-05d894033efb, model: claude-sonnet-4-6). For details, refer to: https://docs.claude.com/en/api/rate-limits. You can see the response headers for current usage. Reduce the prompt length or the maximum tokens requested, or try again later. View your current limits at https://console.anthropic.com/settings/limits. To raise this limit, purchase credits to advance to the next usage tier at https://console.anthropic.com/settings/billing.""}, 'request_id': 'req_011CbcULn8v4gwZ2LGaSwUwM'}",,,
b5bf9ee86eaf,EIT InnoEnergy,Multiple-vendor workforce data intelligence and insights,https://innoenergy.com/uploads/2025/05/Workforce-data-intelligence-and-insights-Round-2_V4.zip,Deadline for submission proposals has been changed to 15.05.2025,,2026-06-01T11:34:46.882388+00:00,ERROR,0,"Error code: 429 - {'type': 'error', 'error': {'type': 'rate_limit_error', 'message': ""This request would exceed your organization's rate limit of 30,000 input tokens per minute (org: 75120f1c-5d3b-4441-9fbd-05d894033efb, model: claude-sonnet-4-6). For details, refer to: https://docs.claude.com/en/api/rate-limits. You can see the response headers for current usage. Reduce the prompt length or the maximum tokens requested, or try again later. View your current limits at https://console.anthropic.com/settings/limits. To raise this limit, purchase credits to advance to the next usage tier at https://console.anthropic.com/settings/billing.""}, 'request_id': 'req_011CbcUMgKwpR3pLxR7FKwUF'}",,,
9aed290b5f5b,EIT InnoEnergy,InnoEnergy Turkiye Representative,https://innoenergy.com/uploads/2025/04/HUB-TURKIYE-InnoEnergy-Turkiye-Representative.zip,15.04.2025,,2026-06-01T11:34:46.882519+00:00,ERROR,0,"Error code: 429 - {'type': 'error', 'error': {'type': 'rate_limit_error', 'message': ""This request would exceed your organization's rate limit of 30,000 input tokens per minute (org: 75120f1c-5d3b-4441-9fbd-05d894033efb, model: claude-sonnet-4-6). For details, refer to: https://docs.claude.com/en/api/rate-limits. You can see the response headers for current usage. Reduce the prompt length or the maximum tokens requested, or try again later. View your current limits at https://console.anthropic.com/settings/limits. To raise this limit, purchase credits to advance to the next usage tier at https://console.anthropic.com/settings/billing.""}, 'request_id': 'req_011CbcUMfxd8HLXxZBbisFwc'}",,,
528954a04e2c,EIT InnoEnergy,InnoEnergy Ukraine Representative,https://innoenergy.com/uploads/2025/04/HUB-UKRAINE-InnoEnergy-Ukraine-Representative.zip,15.04.2025,,2026-06-01T11:34:46.882645+00:00,NO,2,"This tender is for a regional representative/hub role for EIT InnoEnergy in Ukraine, which is an operational/representative position rather than a consultancy services contract aligned with DevelopMinded's core offerings.",none,"This call is for an organisation to serve as EIT InnoEnergy's official representative in Ukraine, acting as a local hub for InnoEnergy's energy innovation activities in the country. The contractor would be expected to represent InnoEnergy's brand, build local partnerships, and facilitate energy sector innovation activities on the ground in Ukraine.",15.04.2025
72c416b7746c,EIT InnoEnergy,Educational Technology Platforms and Solutions for InnoEnergy Skills Institute,https://innoenergy.com/uploads/2025/04/Educational-Technology-Platforms-and-Solutions-for-InnoEnergy-Skills-Institute-1.zip,30.04.2025,,2026-06-01T11:34:46.882969+00:00,NO,1,"This tender is for educational technology platforms and solutions for EIT InnoEnergy's Skills Institute, which is entirely outside DevelopMinded's core services of technology commercialisation, investment readiness, and strategic support for deep tech ventures.",none,This call is issued by EIT InnoEnergy's Skills Institute and seeks suppliers of educational technology platforms and solutions. The contractor must deliver edtech tools or platforms to support the institute's training and skills development activities.,30.04.2025
289022f81845,EIT InnoEnergy,Online Advertising Campaign Agency,https://innoenergy.com/uploads/2025/03/Online-Advertising-Campaign-Agency.zip,18.04.2025,,2026-06-01T11:34:46.883117+00:00,ERROR,0,"Error code: 429 - {'type': 'error', 'error': {'type': 'rate_limit_error', 'message': ""This request would exceed your organization's rate limit of 30,000 input tokens per minute (org: 75120f1c-5d3b-4441-9fbd-05d894033efb, model: claude-sonnet-4-6). For details, refer to: https://docs.claude.com/en/api/rate-limits. You can see the response headers for current usage. Reduce the prompt length or the maximum tokens requested, or try again later. View your current limits at https://console.anthropic.com/settings/limits. To raise this limit, purchase credits to advance to the next usage tier at https://console.anthropic.com/settings/billing.""}, 'request_id': 'req_011CbcUPBYPTy9tnvZ2fDWU1'}",,,
729c1197cf37,EIT InnoEnergy,Accommodation and housing services for The Business Booster 2025 – Lisbon,https://innoenergy.com/uploads/2025/03/Accommodation-and-housing-services-for-The-Business-Booster-2025-–-Lisbon.zip,2025-03-14,,2026-06-01T11:34:46.883367+00:00,ERROR,0,"Error code: 429 - {'type': 'error', 'error': {'type': 'rate_limit_error', 'message': ""This request would exceed your organization's rate limit of 30,000 input tokens per minute (org: 75120f1c-5d3b-4441-9fbd-05d894033efb, model: claude-sonnet-4-6). For details, refer to: https://docs.claude.com/en/api/rate-limits. You can see the response headers for current usage. Reduce the prompt length or the maximum tokens requested, or try again later. View your current limits at https://console.anthropic.com/settings/limits. To raise this limit, purchase credits to advance to the next usage tier at https://console.anthropic.com/settings/billing.""}, 'request_id': 'req_011CbcUPBKF71UUTKZTKCFuB'}",,,
9ddad9459fa2,EIT InnoEnergy,EIT InnoEnergy Czechia Representative,https://innoenergy.com/uploads/2025/03/EIT-InnoEnergy-Czechia-Representative.zip,2025-03-09,,2026-06-01T11:34:46.883628+00:00,NO,2,"This tender is seeking a regional representative/hub partner for EIT InnoEnergy in Czechia, not a consultancy providing commercialisation, strategy, or bid preparation services.",none,"This call is for an EIT InnoEnergy Czechia Representative, likely a local entity to act as an official hub or country representative for EIT InnoEnergy's energy innovation network. The contractor would be expected to represent EIT InnoEnergy's interests, engage local stakeholders, and facilitate InnoEnergy activities in the Czech Republic.",2025-03-09
7ec63a707bc9,EIT InnoEnergy,EIT InnoEnergy Estonia Representative,https://innoenergy.com/uploads/2025/03/EIT-InnoEnergy-Estonia-Representative.zip,2025-03-09,,2026-06-01T11:34:46.883772+00:00,NO,2,"This tender is for an EIT InnoEnergy country representative role in Estonia, which is a regional representation/partnership position rather than a consultancy services contract aligned with DevelopMinded's core offerings.",none,"This call is for an entity to serve as EIT InnoEnergy's official representative in Estonia, acting as a local hub for the energy innovation network. The contractor would need to provide physical presence, stakeholder representation, and network facilitation on behalf of EIT InnoEnergy in the Estonian market.",2025-03-09
8c32e0545574,EIT InnoEnergy,EIT InnoEnergy Romania Representative,https://innoenergy.com/uploads/2025/03/EIT-InnoEnergy-Romania-Representative.zip,2025-03-09,,2026-06-01T11:34:46.883902+00:00,ERROR,0,"Error code: 429 - {'type': 'error', 'error': {'type': 'rate_limit_error', 'message': ""This request would exceed your organization's rate limit of 30,000 input tokens per minute (org: 75120f1c-5d3b-4441-9fbd-05d894033efb, model: claude-sonnet-4-6). For details, refer to: https://docs.claude.com/en/api/rate-limits. You can see the response headers for current usage. Reduce the prompt length or the maximum tokens requested, or try again later. View your current limits at https://console.anthropic.com/settings/limits. To raise this limit, purchase credits to advance to the next usage tier at https://console.anthropic.com/settings/billing.""}, 'request_id': 'req_011CbcUPDJoXNNRJagmSjQER'}",,,
8445fae0223f,EIT InnoEnergy,EIT InnoEnergy Ukraine Representative,https://innoenergy.com/uploads/2025/03/EIT-InnoEnergy-Ukraine-Representative.zip,2025-03-09,,2026-06-01T11:34:46.884032+00:00,NO,2,"This tender is seeking a Ukraine country representative for EIT InnoEnergy, which is a geographic representation/business development role, not a consultancy engagement aligned with DevelopMinded's technology commercialisation or strategic advisory services.",none,"This call is for an EIT InnoEnergy Ukraine Representative, likely a Hub Agreement to establish a local representative or partner organisation in Ukraine. The contractor would be expected to act as an in-country liaison, network builder, and representative for EIT InnoEnergy's activities in Ukraine.",2025-03-09
2f290ff5d3bd,EIT InnoEnergy,EIT InnoEnergy Hungary Representative,https://innoenergy.com/uploads/2025/03/EIT-InnoEnergy-Hungary-Representative.zip,2025-03-09,,2026-06-01T11:34:46.884161+00:00,NO,2,"This tender is for a Hungary country representative role for EIT InnoEnergy, which is an operational/representation position rather than a consultancy services contract aligned with DevelopMinded's core offerings.",none,"This call is for an EIT InnoEnergy Hungary Representative, likely seeking an individual or organisation to act as a local hub or representative for EIT InnoEnergy's activities in Hungary. The contractor would need to represent EIT InnoEnergy, manage local stakeholder relationships, and support energy innovation activities in the Hungarian market.",2025-03-09
45767e0e1507,EIT InnoEnergy,EIT InnoEnergy Türkiye Representative,https://innoenergy.com/uploads/2025/03/EIT-InnoEnergy-Turkiye-Representative.zip,2025-03-09,,2026-06-01T11:34:46.884310+00:00,NO,1,"This tender is seeking a country representative/hub partner for EIT InnoEnergy in Türkiye, a regional representation role entirely unrelated to DevelopMinded's technology commercialisation and consultancy services.",none,"This call is for an EIT InnoEnergy Türkiye Representative, likely seeking an organisation to act as a local hub or representative partner for EIT InnoEnergy's energy innovation activities in Turkey. The contractor would be expected to represent EIT InnoEnergy's interests, facilitate local partnerships, and support the energy innovation ecosystem in Türkiye under a hub agreement.",2025-03-09
d42dc72ee658,EIT InnoEnergy,CRM Facility,https://innoenergy.com/uploads/2025/03/CRM-Facility.zip,2025-02-04,,2026-06-01T11:34:46.884606+00:00,NO,1,"This tender appears to be for a CRM (Customer Relationship Management) facility or software procurement from EIT InnoEnergy, which is unrelated to DevelopMinded's technology commercialisation and deep tech advisory services.",none,"This call from EIT InnoEnergy is titled 'CRM Facility' and likely involves the procurement or implementation of a CRM system or related services. The contractor would be expected to deliver a CRM platform, integration, or managed facility service to EIT InnoEnergy's operational needs.",2025-02-04
cb29a32adf60,EIT InnoEnergy,KIC SE BP2025-2027 PR Services,https://innoenergy.com/uploads/2025/03/KIC-SE-BP2025-2027-PR-Services.zip,2025-02-07,,2026-06-01T11:34:46.884755+00:00,ERROR,0,"Error code: 429 - {'type': 'error', 'error': {'type': 'rate_limit_error', 'message': ""This request would exceed your organization's rate limit of 30,000 input tokens per minute (org: 75120f1c-5d3b-4441-9fbd-05d894033efb, model: claude-sonnet-4-6). For details, refer to: https://docs.claude.com/en/api/rate-limits. You can see the response headers for current usage. Reduce the prompt length or the maximum tokens requested, or try again later. View your current limits at https://console.anthropic.com/settings/limits. To raise this limit, purchase credits to advance to the next usage tier at https://console.anthropic.com/settings/billing.""}, 'request_id': 'req_011CbcUQepzReWThbBdjFfFZ'}",,,
e5c413ad0d7f,EIT InnoEnergy,Global Payroll platform and payroll services,https://innoenergy.com/uploads/2025/03/Global-Payroll-platform-and-payroll-services.zip,2025-01-24,,2026-06-01T11:34:46.884888+00:00,ERROR,0,"Error code: 429 - {'type': 'error', 'error': {'type': 'rate_limit_error', 'message': ""This request would exceed your organization's rate limit of 30,000 input tokens per minute (org: 75120f1c-5d3b-4441-9fbd-05d894033efb, model: claude-sonnet-4-6). For details, refer to: https://docs.claude.com/en/api/rate-limits. You can see the response headers for current usage. Reduce the prompt length or the maximum tokens requested, or try again later. View your current limits at https://console.anthropic.com/settings/limits. To raise this limit, purchase credits to advance to the next usage tier at https://console.anthropic.com/settings/billing.""}, 'request_id': 'req_011CbcUR68Fxaz6mRnv9DG32'}",,,
e74244458d03,EIT InnoEnergy,Marketing communications services Skills Institute EIT InnoEnergy,https://innoenergy.com/uploads/2025/03/Marketing-communications-services-Skills-Institute-EIT-InnoEnergy.zip,2024-12-31,,2026-06-01T11:34:46.885017+00:00,NO,1,"This tender is for marketing communications and Gen Z campaign services for EIT InnoEnergy's Skills Institute, which is entirely outside DevelopMinded's core competencies in technology commercialisation, investment readiness, and strategic consulting for deep tech ventures.",none,"This call is a request for proposal from EIT InnoEnergy's Skills Institute seeking marketing communications services, specifically focused on a Gen Z campaign. The contractor must deliver creative marketing and communications outputs targeting a younger demographic audience for the Skills Institute.",2024-12-31
1a83f9a2a74b,EIT InnoEnergy,EIA study for Finland for company builder VolagHy,https://innoenergy.com/uploads/2025/03/EIA-study-for-Finland-for-company-builder-VolagHy.zip,2025-01-15,,2026-06-01T11:34:46.885179+00:00,NO,2,"This tender requires an Environmental Impact Assessment (EIA) study for Finland, which is a specialist environmental/regulatory consultancy service outside DevelopMinded's core competencies in technology commercialisation and deep tech venture support.",Regulatory pathway analysis for market entry,"This call, issued by EIT InnoEnergy, seeks a consultant to conduct an Environmental Impact Assessment (EIA) study in Finland for VolagHy, a company builder in the energy sector. The contractor must deliver a formal EIA report compliant with Finnish environmental regulations to support the project's development and permitting process.",2025-01-15
e967292f28f1,EIT InnoEnergy,Legal Services for InnoEnergy and its asset portfolio 2025-2026,https://innoenergy.com/uploads/2025/03/Legal-Services-for-InnoEnergy-and-its-asset-portfolio-2025-2026.zip,2024-12-05,,2026-06-01T11:34:46.885331+00:00,ERROR,0,"Error code: 429 - {'type': 'error', 'error': {'type': 'rate_limit_error', 'message': ""This request would exceed your organization's rate limit of 30,000 input tokens per minute (org: 75120f1c-5d3b-4441-9fbd-05d894033efb, model: claude-sonnet-4-6). For details, refer to: https://docs.claude.com/en/api/rate-limits. You can see the response headers for current usage. Reduce the prompt length or the maximum tokens requested, or try again later. View your current limits at https://console.anthropic.com/settings/limits. To raise this limit, purchase credits to advance to the next usage tier at https://console.anthropic.com/settings/billing.""}, 'request_id': 'req_011CbcUS5V6NmcCJvmb4f4Pc'}",,,
8616e2a35613,EIT InnoEnergy,New corporate website,https://innoenergy.com/uploads/2025/03/New-corporate-website.zip,2024-11-29,,2026-06-01T11:34:46.885470+00:00,NO,1,"This tender is for website development/design services from EIT InnoEnergy, which has no overlap with DevelopMinded's technology commercialisation, investment readiness, or strategic consultancy services.",none,"EIT InnoEnergy is seeking a contractor to design and develop a new corporate website. The contractor must deliver a fully functional, redesigned website including UX/UI design, development, and deployment.",2024-11-29
d3235ff8a1e3,EIT InnoEnergy,VR Learning Game Development,https://innoenergy.com/uploads/2025/03/VR-Learning-Game-Development.zip,2024-11-29,,2026-06-01T11:34:46.885745+00:00,ERROR,0,"Error code: 429 - {'type': 'error', 'error': {'type': 'rate_limit_error', 'message': ""This request would exceed your organization's rate limit of 30,000 input tokens per minute (org: 75120f1c-5d3b-4441-9fbd-05d894033efb, model: claude-sonnet-4-6). For details, refer to: https://docs.claude.com/en/api/rate-limits. You can see the response headers for current usage. Reduce the prompt length or the maximum tokens requested, or try again later. View your current limits at https://console.anthropic.com/settings/limits. To raise this limit, purchase credits to advance to the next usage tier at https://console.anthropic.com/settings/billing.""}, 'request_id': 'req_011CbcUSVSzS6eu3cQ11BFFA'}",,,
c2e41d2231ce,EIT InnoEnergy,Accommodation and housing services for The Business Booster 2025,https://innoenergy.com/uploads/2025/03/Accommodation-and-housing-services-for-The-Business-Booster-2025.zip,2024-12-09,,2026-06-01T11:34:46.885886+00:00,NO,1,"This tender is for accommodation and housing logistics services for an EIT InnoEnergy event, which is entirely unrelated to DevelopMinded's technology commercialisation and strategic consultancy services.",none,"This call is issued by EIT InnoEnergy seeking a supplier to provide accommodation and housing services for 'The Business Booster 2025' event. The contractor must concretely deliver hotel or housing bookings, room block management, and related logistical support for event attendees.",2024-12-09
253e13b57675,EIT InnoEnergy,Marketing communications services Skills Institute 2024,https://innoenergy.com/uploads/2025/03/Marketing-communications-services-Skills-Institute-2024.zip,2024-12-04,,2026-06-01T11:34:46.886014+00:00,NO,1,"This tender is for marketing communications services for EIT InnoEnergy's Skills Institute, which requires creative/communications agency capabilities entirely outside DevelopMinded's core consultancy services.",none,"This call is a procurement by EIT InnoEnergy for marketing communications services related to their Skills Institute initiative. The contractor must deliver marketing and communications outputs such as content creation, campaigns, and related promotional activities for the Skills Institute programme.",2024-12-04
c584aee86a20,EIT InnoEnergy,"Legal & Notary Services for Start-Ups and Scale-Ups, and Investment & Asset Management",https://innoenergy.com/uploads/2025/03/Legal-Notary-Services-for-Start-Ups-and-Scale-Ups-and-Investment-Asset-Management.zip,2024-12-08,,2026-06-01T11:34:46.886147+00:00,ERROR,0,"Error code: 429 - {'type': 'error', 'error': {'type': 'rate_limit_error', 'message': ""This request would exceed your organization's rate limit of 30,000 input tokens per minute (org: 75120f1c-5d3b-4441-9fbd-05d894033efb, model: claude-sonnet-4-6). For details, refer to: https://docs.claude.com/en/api/rate-limits. You can see the response headers for current usage. Reduce the prompt length or the maximum tokens requested, or try again later. View your current limits at https://console.anthropic.com/settings/limits. To raise this limit, purchase credits to advance to the next usage tier at https://console.anthropic.com/settings/billing.""}, 'request_id': 'req_011CbcUTReKawZgRft1TfaJR'}",,,
ce860ba1135b,EIT InnoEnergy,Legal service contract Spain (2025-2026) Block 1,https://innoenergy.com/uploads/2025/03/Legal-service-contract-Spain-2025-2026-Block-1.zip,2024-11-20,,2026-06-01T11:34:46.886286+00:00,NO,1,"This tender is for legal services in Spain, which falls entirely outside DevelopMinded's service offerings in technology commercialisation, investment readiness, and strategic consulting.",none,"This is a procurement by EIT InnoEnergy for legal services in Spain covering 2025-2026. The contractor must deliver legal advisory and support services, likely covering contract law, compliance, and corporate matters in the Spanish jurisdiction.",2024-11-20
a7cdbf3e92c1,EIT InnoEnergy,Head of Sales – Skills Institute,https://innoenergy.com/uploads/2025/03/Head-of-Sales-–-Skills-Institute.zip,2024-11-09,,2026-06-01T11:34:46.886418+00:00,NO,1,"This tender is a recruitment/staffing request for a Head of Sales position at EIT InnoEnergy's Skills Institute, which is entirely unrelated to DevelopMinded's technology commercialisation and strategic consultancy services.",none,"This call is a request for proposal to fill a Head of Sales role at EIT InnoEnergy's Skills Institute, a workforce development initiative focused on the energy transition. The contractor must provide or place a senior sales executive to drive revenue and partnerships for the Skills Institute.",2024-11-09
a1d95c22a1f1,EIT InnoEnergy,KIC SE BP2023-2024 CFS audit Services,https://innoenergy.com/uploads/2025/03/KIC-SE-BP2023-2024-CFS-audit-Services.zip,2024-11-04,,2026-06-01T11:34:46.886550+00:00,NO,1,"This tender is for financial audit services (CFS - Cost/Financial Statement audit) for EIT InnoEnergy, which is entirely outside DevelopMinded's service offerings in technology commercialisation and strategic consultancy.",none,"This call is for audit services related to KIC InnoEnergy's Business Plan 2023-2024, specifically a Cost/Financial Statement (CFS) audit. The contractor must deliver certified financial audit work for an EIT Knowledge and Innovation Community, requiring qualified auditors rather than commercialisation consultants.",2024-11-04
e2e5d8f76985,EIT InnoEnergy,General counsel to VolagHy,https://innoenergy.com/uploads/2025/03/General-counsel-to-VolagHy.zip,2024-10-25,,2026-06-01T11:34:46.886676+00:00,ERROR,0,"Error code: 429 - {'type': 'error', 'error': {'type': 'rate_limit_error', 'message': ""This request would exceed your organization's rate limit of 30,000 input tokens per minute (org: 75120f1c-5d3b-4441-9fbd-05d894033efb, model: claude-sonnet-4-6). For details, refer to: https://docs.claude.com/en/api/rate-limits. You can see the response headers for current usage. Reduce the prompt length or the maximum tokens requested, or try again later. View your current limits at https://console.anthropic.com/settings/limits. To raise this limit, purchase credits to advance to the next usage tier at https://console.anthropic.com/settings/billing.""}, 'request_id': 'req_011CbcUUQX8aiLEL4SBc9tVP'}",,,
357d4bfd4c89,EIT InnoEnergy,Business Savvy Program,https://innoenergy.com/uploads/2025/03/Business-Savvy-Program.zip,2024-10-18,,2026-06-01T11:34:46.886805+00:00,MAYBE,5,"EIT InnoEnergy's Business Savvy Program likely involves commercialisation and business development support for energy innovators, which aligns with DevelopMinded's core services, but the lack of a readable description and binary file content makes it impossible to confirm scope, deliverables, or eligibility requirements.",Technology commercialisation and exploitation of research results,"This tender is from EIT InnoEnergy for a 'Business Savvy Program', which typically provides business and commercialisation training/support to energy-sector startups and innovators. The contractor would likely be expected to deliver structured business development, go-to-market, or investment readiness support to programme participants, but the actual deliverables cannot be confirmed due to unreadable binary file content.",2024-10-18
70035d3b5f89,EIT InnoEnergy,"Sales Agent, Quebec Canada",https://innoenergy.com/uploads/2025/03/Sales-Agent-Quebec-Canada.zip,2024-09-27,,2026-06-01T11:34:46.887083+00:00,NO,1,"This tender is for a Sales Agent role in Quebec, Canada, which is entirely unrelated to DevelopMinded's technology commercialisation, EU funding, or deep tech consultancy services.",none,"This is an EIT InnoEnergy procurement seeking a Sales Agent based in Quebec, Canada. The contractor would be expected to perform sales representation and business development activities in the Canadian market on behalf of EIT InnoEnergy.",2024-09-27
37c8336a11e3,EIT InnoEnergy,Marketing communications support NA,https://innoenergy.com/uploads/2025/03/Marketing-communications-support-NA.zip,2024-10-04,,2026-06-01T11:34:46.887245+00:00,ERROR,0,"Error code: 429 - {'type': 'error', 'error': {'type': 'rate_limit_error', 'message': ""This request would exceed your organization's rate limit of 30,000 input tokens per minute (org: 75120f1c-5d3b-4441-9fbd-05d894033efb, model: claude-sonnet-4-6). For details, refer to: https://docs.claude.com/en/api/rate-limits. You can see the response headers for current usage. Reduce the prompt length or the maximum tokens requested, or try again later. View your current limits at https://console.anthropic.com/settings/limits. To raise this limit, purchase credits to advance to the next usage tier at https://console.anthropic.com/settings/billing.""}, 'request_id': 'req_011CbcUWyV5194AwujCPZ4HX'}",,,
a94566f03d77,EIT InnoEnergy,Exhibition set-up for The Business Booster 2024,https://innoenergy.com/uploads/2025/03/Exhibition-set-up-for-The-Business-Booster-2024.zip,2024-08-21,,2026-06-01T11:34:46.887394+00:00,ERROR,0,"Error code: 429 - {'type': 'error', 'error': {'type': 'rate_limit_error', 'message': ""This request would exceed your organization's rate limit of 30,000 input tokens per minute (org: 75120f1c-5d3b-4441-9fbd-05d894033efb, model: claude-sonnet-4-6). For details, refer to: https://docs.claude.com/en/api/rate-limits. You can see the response headers for current usage. Reduce the prompt length or the maximum tokens requested, or try again later. View your current limits at https://console.anthropic.com/settings/limits. To raise this limit, purchase credits to advance to the next usage tier at https://console.anthropic.com/settings/billing.""}, 'request_id': 'req_011CbcUXFR2Ymb8fLR3ByyeD'}",,,
84750dd8bbf2,EIT InnoEnergy,EBA 2022-2024 – CFS audit Services,https://innoenergy.com/uploads/2025/03/EBA-2022-2024-–-CFS-audit-Services.zip,2024-09-03,,2026-06-01T11:34:46.887531+00:00,NO,1,"This tender is for financial audit services (Certificates of Financial Statements) related to EBA grants, which is an accounting/auditing function entirely outside DevelopMinded's consultancy services.",none,This call from EIT InnoEnergy concerns CFS (Certificate of Financial Statements) audit services for EBA (European Battery Alliance) grants covering the 2022-2024 period. The contractor must deliver certified financial audits of grant expenditures in compliance with EU funding rules.,2024-09-03
874d8eb1f0b7,EIT InnoEnergy,Media partnership in Sweden,https://innoenergy.com/uploads/2025/03/Media-partnership-in-Sweden.zip,2024-06-24,,2026-06-01T11:34:46.887669+00:00,NO,1,"This tender is for a media partnership in Sweden, likely involving marketing/PR services, which has no relevance to DevelopMinded's technology commercialisation and deep tech advisory services.",none,"This is an EIT InnoEnergy request for proposal seeking a media partner in Sweden, likely for communications, advertising, or content distribution purposes. The contractor would be expected to deliver media coverage, advertising placements, or related communications services in the Swedish market.",2024-06-24
d671acdef862,EIT InnoEnergy,Legal Services for Canadian Business Activities,https://innoenergy.com/uploads/2025/03/Legal-Services-for-Canadian-Business-Activities.zip,2024-06-20,,2026-06-01T11:34:46.887804+00:00,NO,1,"This tender is for legal services related to Canadian business activities, which is entirely outside DevelopMinded's core competencies in technology commercialisation, investment readiness, and EU innovation support.",none,This is a procurement by EIT InnoEnergy seeking legal services to support its business activities in Canada. The contractor would be required to deliver legal advisory and/or representation services for Canadian-jurisdiction matters.,2024-06-20
f58fd9eb53af,EIT InnoEnergy,Product Manager InnoEnergy Skills Institute,https://innoenergy.com/uploads/2025/03/Product-Manager-InnoEnergy-Skills-Institute.zip,2024-06-14,,2026-06-01T11:34:46.887939+00:00,ERROR,0,"Error code: 429 - {'type': 'error', 'error': {'type': 'rate_limit_error', 'message': ""This request would exceed your organization's rate limit of 30,000 input tokens per minute (org: 75120f1c-5d3b-4441-9fbd-05d894033efb, model: claude-sonnet-4-6). For details, refer to: https://docs.claude.com/en/api/rate-limits. You can see the response headers for current usage. Reduce the prompt length or the maximum tokens requested, or try again later. View your current limits at https://console.anthropic.com/settings/limits. To raise this limit, purchase credits to advance to the next usage tier at https://console.anthropic.com/settings/billing.""}, 'request_id': 'req_011CbcUXQG6AicpZXLMUgcyM'}",,,
37803ab1b683,EIT InnoEnergy,Senior Advisor Battery Value Chain,https://innoenergy.com/uploads/2025/03/Senior-Advisor-Battery-Value-Chain.zip,2024-05-24,,2026-06-01T11:34:46.888062+00:00,MAYBE,4,"This tender seeks a senior individual advisor with deep domain expertise in the battery value chain for EIT InnoEnergy, which is closer to a specialist industry expert role than DevelopMinded's core commercialisation and strategy consultancy services.",Go-to-market strategy and market intelligence,"This is a request for proposal from EIT InnoEnergy for a Senior Advisor specialising in the battery value chain, likely to support strategic analysis, ecosystem development, or commercialisation activities within the energy storage sector. The contractor would be expected to provide high-level advisory input on battery industry dynamics, value chain mapping, and potentially stakeholder engagement or market intelligence.",2024-05-24
2403d1a7e8ef,EIT InnoEnergy,Contract for grant support services,https://innoenergy.com/uploads/2025/03/Contract-for-grant-support-services.zip,2024-05-13,,2026-06-01T11:34:46.888192+00:00,ERROR,0,"Error code: 429 - {'type': 'error', 'error': {'type': 'rate_limit_error', 'message': ""This request would exceed your organization's rate limit of 30,000 input tokens per minute (org: 75120f1c-5d3b-4441-9fbd-05d894033efb, model: claude-sonnet-4-6). For details, refer to: https://docs.claude.com/en/api/rate-limits. You can see the response headers for current usage. Reduce the prompt length or the maximum tokens requested, or try again later. View your current limits at https://console.anthropic.com/settings/limits. To raise this limit, purchase credits to advance to the next usage tier at https://console.anthropic.com/settings/billing.""}, 'request_id': 'req_011CbcUYPK4TUHZw4428a2uu'}",,,
f4449e75e1c1,EIT InnoEnergy,Senior Advisor Energy Markets,https://innoenergy.com/uploads/2025/03/Senior-Advisor-Energy-Markets.zip,2024-05-15,,2026-06-01T11:34:46.888335+00:00,ERROR,0,"Error code: 429 - {'type': 'error', 'error': {'type': 'rate_limit_error', 'message': ""This request would exceed your organization's rate limit of 30,000 input tokens per minute (org: 75120f1c-5d3b-4441-9fbd-05d894033efb, model: claude-sonnet-4-6). For details, refer to: https://docs.claude.com/en/api/rate-limits. You can see the response headers for current usage. Reduce the prompt length or the maximum tokens requested, or try again later. View your current limits at https://console.anthropic.com/settings/limits. To raise this limit, purchase credits to advance to the next usage tier at https://console.anthropic.com/settings/billing.""}, 'request_id': 'req_011CbcUYNgcCS2awUrSRPtp3'}",,,
d822a5894d7e,EIT InnoEnergy,Learning Programme Manager,https://innoenergy.com/uploads/2025/03/Learning-Programme-Manager.zip,2024-04-22,,2026-06-01T11:34:46.888465+00:00,NO,1,"This tender is for a Learning Programme Manager role at EIT InnoEnergy, which is an HR/education management position entirely unrelated to DevelopMinded's technology commercialisation and strategic consultancy services.",none,"This is a procurement by EIT InnoEnergy for a Learning Programme Manager, likely involving design, delivery, or management of educational or training programmes within the energy innovation space. The contractor would be expected to manage learning activities, curricula, or programme operations rather than provide technology commercialisation or strategic advisory services.",2024-04-22
79803df6218e,EIT InnoEnergy,Marketing and communication support 2024 – 2026,https://innoenergy.com/uploads/2025/03/Marketing-and-communication-support-2024-–-2026.zip,2024-03-30,,2026-06-01T11:34:46.888597+00:00,NO,2,"This tender is for marketing and communication support services for EIT InnoEnergy, which is outside DevelopMinded's core competencies in technology commercialisation, investment readiness, and strategic advisory for deep tech ventures.",none,"This is a procurement by EIT InnoEnergy seeking a supplier to provide marketing and communication support services for the period 2024–2026. The contractor would be expected to deliver marketing campaigns, communications materials, and related services for EIT InnoEnergy as an organisation.",2024-03-30
1fb0431e5256,EIT InnoEnergy,Travel agency business partner,https://innoenergy.com/uploads/2025/03/Travel-agency-business-partner.zip,2024-03-30,,2026-06-01T11:34:46.888775+00:00,NO,1,"This tender is for a travel agency business partner to manage corporate travel services, which has no relevance to DevelopMinded's technology commercialisation and deep tech consultancy services.",none,"This is a procurement by EIT InnoEnergy seeking a travel agency business partner to handle corporate travel arrangements. The contractor must provide travel booking, management, and related services under a service agreement template.",2024-03-30
e10ab152de19,EIT InnoEnergy,Graphic Design Services 2024-2026,https://innoenergy.com/uploads/2025/03/Graphic-Design-Services-2024-2026.zip,2024-03-18,,2026-06-01T11:34:46.888906+00:00,ERROR,0,"Error code: 429 - {'type': 'error', 'error': {'type': 'rate_limit_error', 'message': ""This request would exceed your organization's rate limit of 30,000 input tokens per minute (org: 75120f1c-5d3b-4441-9fbd-05d894033efb, model: claude-sonnet-4-6). For details, refer to: https://docs.claude.com/en/api/rate-limits. You can see the response headers for current usage. Reduce the prompt length or the maximum tokens requested, or try again later. View your current limits at https://console.anthropic.com/settings/limits. To raise this limit, purchase credits to advance to the next usage tier at https://console.anthropic.com/settings/billing.""}, 'request_id': 'req_011CbcUZyLEFhmRcCZ9NCbEq'}",,,
3f7a0f5a94b9,EIT InnoEnergy,EBA Manager,https://innoenergy.com/uploads/2025/03/EBA-Manager.zip,2024-03-14,,2026-06-01T11:34:46.889039+00:00,ERROR,0,"Error code: 429 - {'type': 'error', 'error': {'type': 'rate_limit_error', 'message': ""This request would exceed your organization's rate limit of 30,000 input tokens per minute (org: 75120f1c-5d3b-4441-9fbd-05d894033efb, model: claude-sonnet-4-6). For details, refer to: https://docs.claude.com/en/api/rate-limits. You can see the response headers for current usage. Reduce the prompt length or the maximum tokens requested, or try again later. View your current limits at https://console.anthropic.com/settings/limits. To raise this limit, purchase credits to advance to the next usage tier at https://console.anthropic.com/settings/billing.""}, 'request_id': 'req_011CbcUZWN1BQ3H7hHMsv5bZ'}",,,
076184e72096,EIT InnoEnergy,Ukraine Advisory Board,https://innoenergy.com/uploads/2024/02/Ukraine-Advisory-Board-Call-for-Expression-of-Interest-extended-deadline-20240130.pdf,The deadline for submission of applications is extended until 15th of March.,,2026-06-01T11:34:46.889168+00:00,NO,1,"This is a call for individual industry representatives to join an advisory board, not a procurement for consultancy services that DevelopMinded could bid on.",none,"EIT InnoEnergy is seeking two industry representatives to join an Advisory Board for Ukraine under the EIT Community Strategic Regional Innovations Cluster. The selected individuals would provide market insights, stakeholder facilitation, and strategic guidance to support Ukraine's innovation ecosystem.",The deadline for submission of applications is extended until 15th of March.
82ffeb6b17c0,EIT InnoEnergy,Market Research Services,https://innoenergy.com/uploads/2025/03/Market-Research-Services.zip,2024-03-08,,2026-06-01T11:34:46.889307+00:00,ERROR,0,"Error code: 429 - {'type': 'error', 'error': {'type': 'rate_limit_error', 'message': ""This request would exceed your organization's rate limit of 30,000 input tokens per minute (org: 75120f1c-5d3b-4441-9fbd-05d894033efb, model: claude-sonnet-4-6). For details, refer to: https://docs.claude.com/en/api/rate-limits. You can see the response headers for current usage. Reduce the prompt length or the maximum tokens requested, or try again later. View your current limits at https://console.anthropic.com/settings/limits. To raise this limit, purchase credits to advance to the next usage tier at https://console.anthropic.com/settings/billing.""}, 'request_id': 'req_011CbcUa2xWXd84GUheenGwp'}",,,
dfa4c4fe619c,EIT InnoEnergy,Technical Content Development,https://innoenergy.com/uploads/2025/03/Technical-Content-Development.zip,2024-02-05,,2026-06-01T11:34:46.889437+00:00,NO,2,"This tender from EIT InnoEnergy is for technical content development (likely authoring/writing services for energy topics), which does not align with DevelopMinded's core services in technology commercialisation, investment readiness, or strategic consulting.",none,"This is a procurement by EIT InnoEnergy seeking a contractor to develop technical content, likely educational or knowledge-based materials related to sustainable energy. The contractor would be expected to produce written or multimedia technical content to specification, rather than provide strategic or commercial consulting services.",2024-02-05
6c4de6d2ff15,EIT InnoEnergy,Legal and Notary Services,https://innoenergy.com/uploads/2025/03/Legal-services-for-ventures.zip,2023-12-20,,2026-06-01T11:34:46.889566+00:00,NO,1,"This tender is for legal and notary services for ventures, which is entirely outside DevelopMinded's service offerings in technology commercialisation, strategy, and investment readiness.",none,This is a Request for Proposal from EIT InnoEnergy seeking legal and notary services for ventures in their portfolio. The contractor would be required to deliver legal advisory and notarial services to startups and scaleups supported by InnoEnergy.,2023-12-20
58c9eca6b62b,EIT Culture & Creativity,CRM Platform,https://eit-culture-creativity.eu/your-opportunities/request-proposals/crm-platform,"May 13, 2026",,2026-06-01T11:34:48.200828+00:00,NO,1,"This tender requires a CRM software platform and vendor integration/implementation services, which is entirely outside DevelopMinded's consultancy service portfolio.",none,"EIT Culture & Creativity is procuring a purpose-built CRM platform to replace its current tool and manage the full lifecycle of external relationships including partnerships, programme participation, and alumni engagement. The contractor must deliver a scalable CRM solution with vendor integration support and ecosystem relationship management capabilities.","May 13, 2026"
69e901efd6a7,EIT Culture & Creativity,"Market Research, Skills Foresight, and Business Development Strategy in the Cultural and Creative Sectors and Industries",https://eit-culture-creativity.eu/your-opportunities/request-proposals/market-research-skills-foresight-and-business-development,"May 5, 2026",,2026-06-01T11:34:48.200916+00:00,MAYBE,5,"The tender requires market research, skills foresight, and business development strategy — services DevelopMinded offers — but focuses on the Cultural and Creative Sectors rather than deep tech, which is outside DevelopMinded's core client base and sector expertise.","Go-to-market strategy and market intelligence (market sizing, segmentation, competitive analysis)",EIT Culture & Creativity seeks a qualified organisation or consortium to conduct future-oriented skills foresight and market analysis of education and training opportunities in the European Cultural and Creative Sectors and Industries (CCSI). The contractor must deliver actionable business development strategies for EIT Culture & Creativity's education portfolio and its Academy platform.,"May 5, 2026"
7607e460f9e0,EIT Climate-KIC,Caribbean Climate Resilience & Blue Economy Ecosystem Study & Roadmap Design,https://www.climate-kic.org/wp-content/uploads/2026/06/RFP-for-Caribbean-Ecosystem-Study-and-Roadmap-in-CR-BE.pdf,,Climate KIC is looking for a supplier to conduct an ecosystem study and co-design initiatives to accelerate climate resilience and blue economy in the Caribbean.,2026-06-08T11:56:06.784788+00:00,MAYBE,4,"The tender involves ecosystem mapping, roadmap design, and market intelligence in cleantech/blue economy, which partially aligns with DevelopMinded's go-to-market and market intelligence services, but the geographic focus (Caribbean) and primary deliverable (regional ecosystem study and co-design) are outside DevelopMinded's core client profile of deep tech spinouts and EIC grantees.","Go-to-market strategy and market intelligence (market sizing, segmentation, competitive analysis)","This EIT Climate-KIC RFP seeks a supplier to conduct a Caribbean climate resilience and blue economy ecosystem study and co-design initiatives to accelerate the regional innovation landscape. The contractor must deliver an ecosystem analysis, stakeholder mapping, and a roadmap for accelerating climate entrepreneurship in the Caribbean over a 9-month engagement with a possible 3-month extension.",21st of June 2026
63140187e009,EIT InnoEnergy,InnoEnergy Estonia Representative for Q3 2026 – 2027,https://innoenergy.com/uploads/2026/06/Estonia-Representative-01062026_1.zip,15.06.2026,,2026-06-08T11:56:31.993164+00:00,MAYBE,4,"This tender seeks a local representative/liaison role in Estonia for EIT InnoEnergy, which partially overlaps with DevelopMinded's partnership strategy and stakeholder outreach capabilities, but is primarily a country representation role rather than a commercialisation or strategic consultancy engagement.",Partnership strategy and stakeholder outreach,"This is a Request for Proposals from EIT InnoEnergy seeking an Estonia Representative for the period Q3 2026–2027, likely to manage local stakeholder relationships, ecosystem engagement, and InnoEnergy's presence in the Estonian market. The contractor would be expected to represent InnoEnergy interests, build local partnerships, and support community or programme activities in Estonia.",15.06.2026
12c211b31951,EIT InnoEnergy,InnoEnergy Ukraine Representative for Q3 2026 – 2027,https://innoenergy.com/uploads/2026/06/Ukraine-Representative-01062026.zip,15.06.2026,,2026-06-08T11:56:31.993345+00:00,NO,2,"This tender is seeking a country representative role for EIT InnoEnergy in Ukraine, which is a staffing/representation function unrelated to DevelopMinded's technology commercialisation and strategic consultancy services.",none,"This call is for an InnoEnergy Ukraine Representative covering Q3 2026–2027, likely involving stakeholder engagement and on-the-ground representation for EIT InnoEnergy's activities in Ukraine. The contractor would be expected to act as a local representative, managing relationships and possibly programme activities within Ukraine on behalf of EIT InnoEnergy.",15.06.2026
fcf84c2487ac,EIT Culture & Creativity,DPO and Privacy Support Services,https://eit-culture-creativity.eu/your-opportunities/request-proposals/dpo-and-privacy-support-services,"June 26, 2026",,2026-06-08T11:56:33.206905+00:00,NO,1,"This tender requires Data Protection Officer and privacy compliance services, which are entirely outside DevelopMinded's core competencies in technology commercialisation and deep tech venture support.",none,"EIT Culture & Creativity is seeking a single external provider to deliver integrated DPO services and privacy governance support. The contractor must ensure GDPR compliance, act as Data Protection Officer, and provide ongoing privacy advisory and operational support.","June 26, 2026"
525b8d4154e4,EIT Digital (28DIGITAL),Request for Quotation - Master School 2026 - Kick-Off: Travel management,https://28digital.eu/our-messages/calls-tenders/request-for-quotation-master-school-2026-kick-off-travel-management/,,,2026-06-15T13:11:58.610573+00:00,NO,1,"This tender is for travel management logistics services for an EIT Digital Master School event, which has no overlap with DevelopMinded's technology commercialisation and strategic consultancy services.",none,"This RFQ is issued by EIT Digital (28DIGITAL IVZW) seeking a vendor to manage travel arrangements for the 2026 EIT Digital Master School Kick-Off event in Tallinn, Estonia. The contractor must provide travel logistics and management services for event participants.","26 June 2026, 17:00 (CEST)"
e159b6b0ae85,EIT Urban Mobility,Events Agency 26 28,https://www.eiturbanmobility.eu/request-for-proposal/events-agency-26-28/,15 July  2026,,2026-06-15T13:12:26.817239+00:00,NO,1,"This tender requires a Barcelona-based events agency providing physical event management, logistics, and supplier coordination, which is entirely outside DevelopMinded's technology commercialisation and strategic consultancy services.",none,"EIT Urban Mobility is seeking a Barcelona-based events agency to plan, organise, and deliver a range of events for its network between 2026 and 2028. The contractor must provide professional event management services including supplier coordination, budget management, onsite support, and creative event solutions in both English and Spanish.",15 July  2026
22306f5ccdb9,EIT Urban Mobility,Implementation Of Analytical Controlling In Netsuite 26,https://www.eiturbanmobility.eu/request-for-proposal/implementation-of-analytical-controlling-in-netsuite-26/,1 July 2026,,2026-06-15T13:12:27.802285+00:00,NO,1,"This tender requires NetSuite ERP implementation and financial software consultancy, which is entirely outside DevelopMinded's technology commercialisation and deep tech advisory services.",none,"EIT Urban Mobility is seeking a consultant to implement an analytical controlling framework within their NetSuite ERP system to enable structured financial reporting across Grant Agreements, Work Packages, and Business Units. The contractor must deliver a configured NetSuite solution supporting internal financial management and reporting.",1 July 2026
b2a9eda5fb5d,EIT RawMaterials,"Invitation to Tender: Outreach Services, and Communications & Marketing Services, for the Further…",https://www.eitrawmaterials.eu/articles/invitation-tender-outreach-services-and-communications-marketing-services-further,09.07.2026,,2026-06-15T13:12:44.509901+00:00,NO,1,"This tender is for school outreach/STEM education services and communications/marketing for a gender gap initiative, which is entirely unrelated to DevelopMinded's technology commercialisation and deep tech venture support services.",none,"This EIT RawMaterials tender seeks contractors to implement the Girls Go STEM project across Europe, targeting girls aged 14-19 to encourage STEM careers. Contractors must deliver either secondary school outreach and teacher support for classroom-based STEM learning programmes (Lot 1) or strategic communications, digital marketing, social media management, and event support to build brand awareness (Lot 2).",09.07.2026
62b1ace3afb1,EIT RawMaterials,HRIS Integration and Implementation,https://www.eitrawmaterials.eu/articles/hris-integration-and-implementation,18 June 2026,,2026-06-15T13:12:44.759688+00:00,NO,1,"This tender is for an HR Information System software implementation and integration, which is entirely outside DevelopMinded's technology commercialisation and deep tech advisory services.",none,"EIT RawMaterials is seeking a vendor to implement a unified, GDPR-compliant HRIS platform consolidating fragmented HR tools for approximately 150 global employees. The contractor must deliver a comprehensive HR software solution covering core HR, onboarding/offboarding, performance management, time tracking, analytics, and GDPR compliance.",18 June 2026
0ff3027eae9d,EIT InnoEnergy,AV services for The Business Booster 2026,https://innoenergy.com/uploads/2026/06/AV-Services-TBB2026-FV2.zip,11.07.2026,,2026-06-15T13:12:49.175987+00:00,NO,1,"This tender is for audiovisual event production services for EIT InnoEnergy's Business Booster 2026 conference, which is entirely unrelated to DevelopMinded's technology commercialisation and strategic consultancy services.",none,"This call is a procurement for AV (audiovisual) technical services to support EIT InnoEnergy's The Business Booster 2026 event, likely covering stage setup, sound, lighting, and display equipment. The contractor must concretely deliver physical AV equipment installation, operation, and technical support for a large-scale innovation event.",11.07.2026
9381294312ff,EIT Climate-KIC,NZC CESF Procurement RFP - Czechia,https://www.climate-kic.org/../../wp-content/uploads/2026/01/RFP_2026_SGA2_Task-1.6-Czechia_Final-1.pdf,,"Climate KIC is looking for an expert support to facilitate the Community of Practice of
cities in the Czech Republic.",2026-06-22T12:48:41.820782+00:00,NO,2,"This tender seeks a facilitator for a Community of Practice for cities in Czechia focused on climate/net-zero, which does not align with DevelopMinded's core services in technology commercialisation, investment readiness, or deep tech go-to-market strategy.",none,"This call from EIT Climate-KIC relates to the Net Zero Cities (NZC) Community of Practice in the Czech Republic, likely supporting urban climate transition initiatives. The contractor would be expected to facilitate collaboration and knowledge-sharing among Czech cities working toward net-zero goals.",
1e2629901d93,EIT Climate-KIC,Expert in inclusive climate innovation (long-term),https://www.climate-kic.org/../../download/73831/?tmstv=1768388726,,"Climate KIC is requesting an expert in inclusive climate entrepreneurship to support DEI (Diversity, Equity & Inclusion) capacity building with climate ventures, Entrepreneurship Support Organisations",2026-06-22T12:48:41.820968+00:00,NO,2,"This tender seeks a DEI/inclusive entrepreneurship expert for capacity building, which is outside DevelopMinded's core competencies in technology commercialisation, investment readiness, and deep tech go-to-market strategy.",none,"EIT Climate-KIC is seeking a long-term expert specialised in inclusive climate entrepreneurship to support DEI capacity building with climate ventures and Entrepreneurship Support Organisations. The contractor must deliver DEI-focused advisory and capacity building services, not technology commercialisation or market strategy work.",
8661875580f4,EIT Climate-KIC,NZC CESF Procurement RFP - Liepaja,https://www.climate-kic.org/../../wp-content/uploads/2025/11/SGA-MCCC-019-Liepaja-RfP_Final.pdf,,"The NetZeroCities team within Climate KIC is looking for an expert to run a pre-feasibility study for the energy community project of the City of Liepaja. 
*Please note that a list of questions and an",2026-06-22T12:48:41.821108+00:00,MAYBE,4,"The pre-feasibility study for an energy community project touches on market and regulatory analysis relevant to DevelopMinded's capabilities, but it is primarily an urban energy planning/technical consultancy role rather than technology commercialisation or deep tech venture support.",Regulatory pathway analysis for market entry,"This tender from EIT Climate-KIC's NetZeroCities programme seeks an expert to conduct a pre-feasibility study for an energy community project in the City of Liepaja, Latvia. The contractor would likely need to deliver a structured analysis covering technical, regulatory, financial, and stakeholder dimensions of establishing a local energy community.",
0544e74e4da4,EIT Climate-KIC,Advisory services for climate impact assessment,https://www.climate-kic.org/../../wp-content/uploads/2026/01/SGA-MCCC-019-Liepaja-RfP_FINAL_update-22.12.pdf,,Climate KIC is requesting quotation for a climate advisor that will work on mentoring and validating the climate impact self- assessment of startups with a focus on mitigation potential following a st,2026-06-22T12:48:41.821249+00:00,NO,2,"This tender is for climate impact assessment advisory and mentoring of startups on mitigation potential for a cities programme (NetZeroCities), which is focused on urban climate consulting rather than technology commercialisation, investment readiness, or deep tech go-to-market support.",none,"This RFP from EIT Climate-KIC is part of the NetZeroCities programme seeking a climate advisor to mentor and validate climate impact self-assessments of startups, with a focus on mitigation potential for city-level decarbonisation efforts. The contractor must provide expert climate advisory services supporting cities and startups in assessing and validating their climate impact contributions within a structured urban sustainability framework.",13 January 2026
16ceb4902520,EIT Climate-KIC,NZC CESF Procurement RFP - City Finance Specialist,https://www.climate-kic.org/../../wp-content/uploads/2025/12/NZC-CESF-Procurement-for-CFSS_DEC.-25_FINALQAs-10.12.pdf,,"Climate KIC is looking for a finance expert to support cities in the NetZeroCities programme, through the NZC City Expert Support Facility. *Please note that the deadline for submitting bids has chang",2026-06-22T12:48:41.821395+00:00,NO,2,"This tender seeks a city finance specialist to support municipalities in net-zero urban finance within the NetZeroCities programme, which is unrelated to DevelopMinded's focus on deep tech commercialisation, startup investment readiness, or Horizon Europe grantee support.",none,"This RFP from EIT Climate-KIC is for a City Finance Specialist to support cities participating in the NetZeroCities programme, specifically through the City Expert Support Facility (CESF). The contractor must deliver financial advisory services to help cities develop and implement Climate City Contracts and related urban decarbonisation finance strategies.",End of January 2026
9c956be173d8,EIT Climate-KIC,City Expert Support Facility (CESF) for NetZeroCities programme,https://www.climate-kic.org/../../wp-content/uploads/2025/09/CESF-Procurement-SGA2-1.6_IRELAND_.pdf,,"Climate KIC is seeking expert support to the Community of Practice of 
cities in Ireland.",2026-06-22T12:48:41.821544+00:00,MAYBE,4,"While DevelopMinded has relevant EU programme and stakeholder engagement expertise, this tender focuses on city-level net zero community of practice support rather than deep tech commercialisation or research spinout services.",Partnership strategy and stakeholder outreach,"This tender from EIT Climate-KIC seeks expert support for a Community of Practice of cities in Ireland under the NetZeroCities programme, likely involving facilitation, knowledge exchange, and capacity building for urban net zero transitions. The contractor would be expected to deliver expert advisory, coordination, and possibly strategic support services to Irish cities participating in the programme.",
f5e2c6bc6211,EIT Climate-KIC,RFP - Research and Analysis of Demand Side and Engagement for Climate Entrepreneurship Support,https://www.climate-kic.org/../../wp-content/uploads/2025/09/RFP-ESO-Circle-Demand-Analysis.pdf,,"Climate KIC is looking for expert services to conduct a comprehensive research and analysis of at least 30 Entrepreneurial Support Organizations (ESOs) previously supported by ESV Cluster, generating",2026-06-22T12:48:41.821684+00:00,MAYBE,5,"The tender focuses on research and analysis of entrepreneurial support organisations in the climate sector, which partially aligns with DevelopMinded's market intelligence and innovation programme evaluation capabilities, but is more focused on ecosystem/demand-side research than direct deep tech commercialisation support.","Evaluation and assessment of investor readiness, innovation programmes, and startup competitions","EIT Climate-KIC is seeking expert services to conduct comprehensive research and analysis of at least 30 Entrepreneurial Support Organisations (ESOs) previously supported by its ESV Cluster, likely to understand demand-side needs and engagement patterns for climate entrepreneurship support. The contractor must deliver a structured research study, likely including surveys, interviews, and analytical outputs covering the needs, gaps, and engagement dynamics of these ESOs within the climate innovation ecosystem.",
92dd56408191,EIT Climate-KIC,RFP - Market & Supply-Side Analysis for Climate Entrepreneurship Support,https://www.climate-kic.org/../../wp-content/uploads/2025/09/RFP-ESO-Circle-Supply-Analysis.pdf,,"Climate KIC is looking for expert services to conduct a
comprehensive market and supply-side analysis to map
competitors, identify trends, and generate actionable
recommendations that will strengthen",2026-06-22T12:48:41.821842+00:00,YES,8,"This tender directly requires market and supply-side analysis, competitor mapping, and trend identification for climate entrepreneurship support — core services DevelopMinded offers including market intelligence, competitive analysis, and market sizing for deep tech/cleantech ventures.","Go-to-market strategy and market intelligence (market sizing, segmentation, competitive analysis)","EIT Climate-KIC seeks expert services to conduct a comprehensive market and supply-side analysis mapping competitors, identifying trends, and generating actionable recommendations to strengthen their climate entrepreneurship support offering. The contractor must deliver a structured analysis covering the competitive landscape, market dynamics, and strategic recommendations relevant to climate-focused innovation and entrepreneurship ecosystems.",
078518658a6a,EIT Climate-KIC,Request for Proposals: Climate KIC Travel Management Company Search,https://www.climate-kic.org/../../wp-content/uploads/2025/07/RFP-Climate-KIC-Travel-Management-Company-Search.pdf,4 August 2025,"Climate KIC is looking for a travel management company to manage all flights, accommodation and rail for the organisation. Deadline: 4 August 2025.",2026-06-22T12:48:41.821925+00:00,NO,1,"This tender is for a travel management company to handle flights, accommodation, and rail bookings, which is entirely unrelated to DevelopMinded's technology commercialisation and deep tech advisory services.",none,"EIT Climate-KIC is seeking a travel management company to handle all corporate travel arrangements including flights, accommodation, and rail. The contractor must provide end-to-end travel booking and management services for the organisation.",4 August 2025
d65846020b1d,EIT Climate-KIC,NZC CESF Procurement RFP - City Finance Specialised Services,https://www.climate-kic.org/../../wp-content/uploads/2025/07/3.1-NZC-CESF-Procurement-for-CFSS-Rev03-1.pdf,,,2026-06-22T12:48:41.822038+00:00,MAYBE,3,"The tender appears to relate to city finance specialised services under EIT Climate-KIC's Net Zero Cities programme, which is adjacent to DevelopMinded's EU ecosystem work but focuses on municipal finance rather than technology commercialisation or deep tech venture support.",EU tender bid preparation,"This tender is issued by EIT Climate-KIC under the Net Zero Cities (NZC) / City Energy and Systems Finance (CESF) programme, likely seeking specialised financial advisory or city finance services. The exact deliverables cannot be confirmed as the source document returned a 404 error, but the scope likely involves financial structuring or investment facilitation for urban decarbonisation projects.",
6b529a5a5900,EIT Climate-KIC,RFQ - Learning Methodology,https://www.climate-kic.org/../../wp-content/uploads/2025/07/RFQ_Learning_Coach.pdf,,"Methodology development and facilitation of peer-to-peer learning
sessions for Entrepreneurship Support Organisations.",2026-06-22T12:48:41.822161+00:00,MAYBE,4,"While DevelopMinded supports innovation programmes and startups, this tender focuses on learning methodology design and facilitation for Entrepreneurship Support Organisations, which is adjacent but not a core service offering.","Evaluation and assessment of investor readiness, innovation programmes, and startup competitions",This EIT Climate-KIC call seeks a contractor to develop a learning methodology and facilitate peer-to-peer learning sessions for Entrepreneurship Support Organisations (ESOs). The contractor must concretely deliver a structured methodology framework and run facilitated sessions enabling ESOs to share knowledge and best practices.,
ff0f7b5f9f63,EIT Food,The Request for Proposals for a qualified supplier to act as the EIT Community Officer (ECO) for the EIT Community Hub in Moldova,https://www.eitfood.eu/open-calls/the-request-for-proposals-for-a-qualified-supplier-to-act-as-the-eit-community-officer-eco-for-the-eit-community-hub-in-moldova,"Deadline: June 25, 2026",,2026-06-22T12:48:47.338669+00:00,NO,2,"This tender requires a legally registered entity physically present in Moldova to act as an on-the-ground operational community officer, which is a local coordination/representation role incompatible with DevelopMinded's remote consultancy services in technology commercialisation.",none,"This RfP seeks a Moldova-based legal entity to serve as the EIT Community Officer for the EIT Community Hub in Moldova from July 2026 to December 2027, acting as the central coordination point for all EIT KIC activities in the country. The contractor must implement joint innovation activities, engage local stakeholders, foster synergies between EIT KICs, and serve as a one-stop shop for EIT Community outreach in Moldova.","Deadline: June 25, 2026"
6e3df4dcab36,EIT Food,Employee Days 2027 | Venue & Accommodation,https://www.eitfood.eu/open-calls/employee-days-2027-venue-accommodation,"Employee Days 2027 | Venue & Accommodation Deadline: July 03, 2026",,2026-06-22T12:48:47.338943+00:00,NO,1,"This tender is a venue and accommodation procurement for a staff event, requiring hospitality facilities rather than any consulting or technology commercialisation services.",none,"EIT Food is seeking a venue/hotel to host its 2027 Employee Days annual staff event, which includes a plenary meeting, teambuilding activities, networking, and team meetings. The contractor must provide physical facilities (conference rooms, accommodation, catering) that enable collaboration, networking, and connection to nature.","Employee Days 2027 | Venue & Accommodation Deadline: July 03, 2026"
746dc519a70f,EIT Food,The Request for Proposals for a qualified supplier to act as the EIT Community Officer (ECO) for the EIT Community Hub in Lithuania,https://www.eitfood.eu/open-calls/the-request-for-proposals-for-a-qualified-supplier-to-act-as-the-eit-community-officer-eco-for-the-eit-community-hub-in-lithuania,"Deadline: July 06, 2026",,2026-06-22T12:48:47.339212+00:00,MAYBE,4,"DevelopMinded has relevant EIT/innovation ecosystem expertise and stakeholder engagement capabilities, but the role requires a legally registered entity physically based in Lithuania, which is a hard eligibility barrier unless DevelopMinded has a Lithuanian presence.",Partnership strategy and stakeholder outreach,"This tender seeks a qualified supplier physically based in Lithuania to serve as the EIT Community Officer (ECO) for the EIT Community Hub in Lithuania from July 2026 to December 2027. The contractor must act as a central coordination and operational point for all EIT KIC activities in Lithuania, engaging local stakeholders, implementing joint innovation activities, and maximising EIT Community visibility at national and regional levels.","Deadline: July 06, 2026"
c4dc8130dcdd,EIT Food,Call for Expression of Interest for  Experts for EIT Food Accelerator Network Programme (FAN) - Warsaw Hub,https://www.eitfood.eu/open-calls/call-for-expression-of-interest-for-experts-for-eit-food-accelerator-network-programme-fan-warsaw-hub,"Deadline: July 06, 2026",,2026-06-22T12:48:47.339487+00:00,YES,8,"DevelopMinded's core services in investment readiness, technology commercialisation, go-to-market strategy, and startup support align directly with the agrifood technology validation, commercial readiness, and investment readiness expert profiles sought for the EIT Food FAN Warsaw Hub accelerator programme.",Investment readiness and fundraising support,"EIT Food is seeking organisations or individual experts to join a pool of experts (database) supporting the FAN Warsaw Hub acceleration programme, focused on future resilient agriculture topics. Contractors must provide agrifood technology validation, commercial readiness, investment readiness expertise, and business coaching to startups and SMEs, with at least 5 years domain experience and 2 years supporting early-stage ventures.","Deadline: July 06, 2026"
1ba6a509739c,EIT Food,Request for Proposals for Senior Communications Support Services for EIT Community Initiatives led by EIT Food,https://www.eitfood.eu/open-calls/request-for-proposals-for-senior-communications-support-services-for-eit-community-initiatives-led-by-eit-food,"Deadline: July 10, 2026",,2026-06-22T12:48:47.339823+00:00,NO,2,"This tender seeks senior communications and dissemination services for EIT Food initiatives, which does not align with DevelopMinded's core expertise in technology commercialisation, investment readiness, or go-to-market strategy for deep tech ventures.",none,"EIT Food is procuring senior communications support services to strengthen communication, dissemination, stakeholder engagement, and visibility across its EIT Community initiatives and business plan activities. The contractor must deliver strategic communications, stakeholder outreach, and visibility campaigns across multiple European regions.","Deadline: July 10, 2026"
ddde12d01fee,EIT Urban Mobility,Office Rental Barcelona27 28,https://www.eiturbanmobility.eu/request-for-proposal/office-rental-barcelona27-28/,27 July 2026,,2026-06-22T12:48:49.084671+00:00,NO,1,"This tender is for physical office space rental in Barcelona, which is entirely unrelated to DevelopMinded's consultancy services in technology commercialisation, market strategy, or innovation support.",none,EIT Urban Mobility is seeking a supplier to provide rental premises/office space in Barcelona for its operations in 2027-2028. The contractor must offer physical office facilities meeting EIT UM's requirements as specified in the Request for Proposal.,27 July 2026
860c49ee727f,EIT Urban Mobility,Expert Support For Strategy Partnerships And Stakeholder Engagement 26 28,https://www.eiturbanmobility.eu/request-for-proposal/expert-support-for-strategy-partnerships-and-stakeholder-engagement-26-28/,29 June 2026,,2026-06-22T12:48:50.709633+00:00,MAYBE,6,"The tender aligns well with DevelopMinded's partnership strategy, stakeholder outreach, and market intelligence services, but is focused on supporting an EIT KIC's internal strategic operations rather than directly serving deep tech spinouts or grantees at TRL 4-7.",Partnership strategy and stakeholder outreach,"EIT Urban Mobility is seeking expert consultancy support to strengthen its strategic positioning, partnerships, and stakeholder engagement activities for its 2026–2028 Business Plan. The contractor must deliver strategic advisory services, stakeholder engagement design, multi-stakeholder facilitation, high-level event preparation, capacity-building, and analytical insights targeting both EIT UM internal teams and external ecosystem actors across European cities.",29 June 2026
ef3b8e96c85f,EIT Climate-KIC,NetZeroCities CESF Expert Support - Slovenia,https://www.climate-kic.org/wp-content/uploads/2026/06/RFP_2026_SGA2_Task-1.6-Slovenia2_publish.pdf,,"As part of the NetZeroCities City Expert Support Facility programme, Climate KIC is looking for an expert support to facilitate the Community of Practice of cities in the Republic of Slovenia.",2026-06-29T11:57:40.900626+00:00,NO,2,"This tender requires city-facing community of practice facilitation for municipal net-zero transitions in Slovenia, which is unrelated to DevelopMinded's technology commercialisation and deep tech startup support services.",none,"This call is part of the NetZeroCities City Expert Support Facility (CESF) programme run by EIT Climate-KIC, seeking an expert to facilitate a Community of Practice among cities in Slovenia working toward net-zero goals. The contractor must deliver facilitation, coordination, and peer-learning support for Slovenian municipalities within the NetZeroCities network.",
48f263e95e6d,EIT RawMaterials,Request for proposal: Event Management Services for the Expert Forum: REE & Battery Materials on 2…,https://www.eitrawmaterials.eu/articles/request-proposal-event-management-services-expert-forum-ree-battery-materials-2-5-november,,,2026-06-29T11:58:02.298189+00:00,NO,1,"This tender requires an event management agency for physical event production, logistics, and on-site delivery — none of which are services DevelopMinded offers.",none,"EIT RawMaterials is seeking an experienced event agency to plan, coordinate, produce, and deliver the Expert Forum on REE & Battery Materials in Turin, Italy (2-5 November 2026) for approximately 200 participants. The contractor must handle all aspects of venue coordination, audiovisual production, branding, participant management, catering, and on-site operational delivery.",
bc581ba76669,EIT RawMaterials,Request for Proposal: Event Management Services – Expert Forum: Green and Circular Metals on 29-30…,https://www.eitrawmaterials.eu/articles/request-proposal-event-management-services-expert-forum-green-and-circular-metals-29-30,,,2026-06-29T11:58:02.469579+00:00,NO,1,"This tender requires event management and logistics services for a physical conference, which is entirely outside DevelopMinded's service portfolio of technology commercialisation, investment readiness, and strategic consultancy.",none,"EIT RawMaterials is seeking an experienced event agency to plan, coordinate, produce, and deliver the Expert Forum: Green and Circular Metals in Amsterdam on 29-30 September 2026, expected to host approximately 150 participants. The contractor must concretely deliver venue and logistics coordination, participant registration management, audiovisual and streaming production, on-site operations, and speaker support throughout the two-day event.",
42d530b539b0,EIT Digital (28DIGITAL),Co-Creation Accelerator 2026-2027,https://28digital.eu/co-creation-accelerator-2026-2027/,,,2026-07-06T11:26:13.519933+00:00,MAYBE,5,"This is a startup accelerator program seeking deep tech ventures as applicants (not consultants), but DevelopMinded could support eligible client startups in preparing and submitting their applications to this EIT Digital co-creation program.",EU tender bid preparation,"The Co-Creation Accelerator 2026-2027 is an EIT Digital (28DIGITAL) program offering up to €250,000 in equity-based funding for early-stage digital startups (TRL 4-5+) to co-develop solutions with industry partners over 4 months. Contractors/applicants must be micro or small enterprises incorporated within the last 5 years in an EU/HE country, and must deliver a co-created solution addressing a defined industry challenge.",
4f8a1f7fea50,EIT Food,The Request for Proposals for a qualified supplier to act as the EIT Community Officer (ECO) for the EIT Community Hub in Serbia,https://www.eitfood.eu/open-calls/the-request-for-proposals-for-a-qualified-supplier-to-act-as-the-eit-community-officer-eco-for-the-eit-community-hub-in-serbia,"Deadline: July 21, 2026",,2026-07-06T11:26:19.191202+00:00,MAYBE,4,"This tender requires a Serbia-based legally registered entity to act as an on-the-ground EIT Community Hub coordinator, which is a local operational role rather than a strategic commercialisation or consultancy engagement — though DevelopMinded's partnership strategy, stakeholder outreach, and innovation ecosystem experience are partially relevant.",Partnership strategy and stakeholder outreach,"This RfP seeks a qualified supplier physically based in Serbia to serve as the EIT Community Officer for the EIT Community Hub in Serbia from August 2026 to December 2027, acting as the central coordination point for all nine EIT KICs. The contractor must implement joint EIT Community activities, engage local stakeholders, foster synergies between KICs, and maximise innovation uptake and community outreach in Serbia.","Deadline: July 21, 2026"
be87bfd16dfa,EIT Food,The Request for Proposals for a qualified supplier to act as the EIT Community Officer (ECO) for the EIT Community Hub in Estonia,https://www.eitfood.eu/open-calls/the-request-for-proposals-for-a-qualified-supplier-to-act-as-the-eit-community-officer-eco-for-the-eit-community-hub-in-estonia,"Deadline: July 21, 2026",,2026-07-06T11:26:19.191459+00:00,MAYBE,4,"This tender requires a locally registered Estonian entity to act as an EIT Community Hub operational coordinator, which is a staffing/representation role rather than DevelopMinded's core consultancy services, though there is partial overlap in stakeholder engagement and innovation ecosystem work.",Partnership strategy and stakeholder outreach,"This call seeks a qualified supplier physically based in Estonia to serve as the EIT Community Officer (ECO), acting as the central coordination and operational point for all nine EIT KIC activities in Estonia from August 2026 to December 2027. The contractor must implement joint innovation activities, engage local stakeholders, foster synergies between EIT KICs, and act as a one-stop shop for EIT Community presence in Estonia.","Deadline: July 21, 2026"
7e44e5780416,EIT Urban Mobility,Pio Tool It Support And Developments 26 28,https://www.eiturbanmobility.eu/request-for-proposal/pio-tool-it-support-and-developments-26-28/,20 July 2026,,2026-07-06T11:26:20.944901+00:00,NO,1,"This tender requires a Microsoft SharePoint and PowerApps technical IT development provider, which is entirely outside DevelopMinded's technology commercialisation and strategic consultancy services.",none,"EIT Urban Mobility is seeking a qualified IT supplier to provide technical support, maintenance, and development services for their internal PIO Tool environment, built on Microsoft SharePoint, PowerApps, Power BI, Adobe Sign, and the EIT Community Portal. The contractor must deliver hands-on IT development and ongoing technical maintenance of these Microsoft-based platforms.",20 July 2026
e2e29f72d3ed,EIT Urban Mobility,Provision Of Mobile Phone Services And Devices 26 28,https://www.eiturbanmobility.eu/request-for-proposal/provision-of-mobile-phone-services-and-devices-26-28/,16 July 2026,,2026-07-06T11:26:21.683435+00:00,NO,1,"This tender is for a mobile phone and telecommunications services provider, which is entirely unrelated to DevelopMinded's technology commercialisation and strategic consultancy services.",none,EIT Urban Mobility is procuring mobile network and internet services across European countries for the period 2026-2028. The contractor must provide mobile phone services and devices as a telecommunications operator.,16 July 2026
60e8f1114cf6,EIT RawMaterials,Request for Proposal: Lithium Value Chain Study: EU Supply–Demand Gap and Strategic Project…,https://www.eitrawmaterials.eu/articles/request-proposal-lithium-value-chain-study-eu-supply-demand-gap-and-strategic-project,"July 17th, 2026",,2026-07-06T11:26:40.026631+00:00,NO,2,"This tender requires deep commodity market research and geopolitical supply chain analysis for lithium, which is far outside DevelopMinded's core services in technology commercialisation, investment readiness, and startup/spinout support.",none,"EIT RawMaterials is commissioning a comprehensive study on the EU lithium value chain, covering supply-demand gaps, end-use sector analysis (batteries, EVs, ESS, etc.), and identification of strategic investment projects outside the EU. The contractor must deliver an integrated global overview of the lithium value chain with quantitative demand/supply projections and prioritised third-country project recommendations to guide EU Delegations.","July 17th, 2026"
